,Model Name,Product URL,Filename,Company,Type,Category Tags,Width (cm),Height (cm),Origin Country,Application
0,WY 4276X,https://sg.lamitak.com/rye-savannah-wood,lamitak_-_rye_savannah_wood_wy_4276x_thumbnail.jpg,lamitak,Laminate,"Exotic, Textured Finish, Wild Grains",23,44,None,Carpentry
1,WY 4274X,https://sg.lamitak.com/bronze-savannah-wood,lamitak_-_bronze_savannah_wood_wy_4274x_thumbnail.jpg,lamitak,Laminate,"Exotic, Textured Finish, Wild Grains",23,44,None,Carpentry
2,WY 4275X,https://sg.lamitak.com/russet-savannah-wood,lamitak_-_russet_savannah_wood_wy_4275x_thumbnail.jpg,lamitak,Laminate,"Exotic, Textured Finish, Wild Grains",23,44,None,Carpentry
3,WY 4273X,https://sg.lamitak.com/barley-savannah-wood,lamitak_-_barley_savannah_wood_wy_4273x_thumbnail.jpg,lamitak,Laminate,"Exotic, Textured Finish, Wild Grains",23,44,None,Carpentry
4,WY 7202D,https://sg.lamitak.com/bleached-barn-wood,lamitak_-_bleached_barn_wood_wy_7202d_thumbnail.jpg,lamitak,Laminate,"Exotic, Dri-matt® Finish, Wild Grains",None,None,None,Carpentry
5,WY 7203D,https://sg.lamitak.com/rustic-barn-wood-dri-matt,lamitak_-_rustic_barn_wood_wy_7203d_thumbnail.jpg,lamitak,Laminate,"Exotic, Dri-matt® Finish, Wild Grains",None,None,None,Carpentry
6,WY 4269X,https://sg.lamitak.com/almond-yugen-oak,lamitak_-_almond_yugen_oak_wy_4269x_thumbnail.jpg,lamitak,Laminate,"Oak, Textured Finish, Crowns Grains",23,44,None,Carpentry
7,WY 4268X,https://sg.lamitak.com/golden-yugen-oak,lamitak_-_golden_yugen_oak_wy_4268x_thumbnail_1_1.jpg,lamitak,Laminate,"Oak, Textured Finish, Crowns Grains",23,44,None,Carpentry
8,WY 4266X,https://sg.lamitak.com/ivory-yugen-oak,wy-4266x-ivory-yugen-oak_thumbnail.jpg,lamitak,Laminate,"Oak, Textured Finish, Straight Grains",23,44,None,Carpentry
9,WY 4267X,https://sg.lamitak.com/natural-yugen-oak,wy-4267x-natural-yugen-oak_thumbnail.jpg,lamitak,Laminate,"Oak, Textured Finish, Straight Grains",23,44,None,Carpentry
10,WYA 5601MT,https://sg.lamitak.com/washed-malibu-oak,wya-5601mt-washed-malibu-oak_thumbnail.jpg,lamitak,Laminate,"Oak, Textured Finish, Crowns Grains",None,None,None,Carpentry
11,WYA 5602MT,https://sg.lamitak.com/natural-malibu-oak,wya-5602mt-natural-malibu-oak_thumbnail.jpg,lamitak,Laminate,"Oak, Textured Finish, Crowns Grains",None,None,None,Carpentry
12,WHG 4231G,https://sg.lamitak.com/creme-akemi-ash-gloss,whg_4231g_creme_akemi_ash_gloss_4x8_28052019_thumbnail.jpg,lamitak,Laminate,"Ash, High Glossie Finish, Crowns Grains",23,44,None,Carpentry
13,WY 4231X,https://sg.lamitak.com/creme-akemi-ash,wy_4231x_creme_akemi_ash_4x8_28052019_thumbnail.jpg,lamitak,Laminate,"Ash, Textured Finish, Crowns Grains",23,44,None,Carpentry
14,WHG 4232G,https://sg.lamitak.com/pearl-akemi-ash-gloss,whg_4232g_pearl_akemi_ash_gloss_4x8_28052019_thumbnail.jpg,lamitak,Laminate,"Ash, High Glossie Finish, Crowns Grains",23,44,None,Carpentry
15,WY 4232X,https://sg.lamitak.com/pearl-akemi-ash,wy_4232x_pearl_akemi_ash_4x8_28052019_thumbnail.jpg,lamitak,Laminate,"Ash, Textured Finish, Crowns Grains",23,44,None,Carpentry
16,WY 5292D,https://sg.lamitak.com/freya-laurentian-maple,wy_5292d_freya_laurentian_maple_4x8_thumbnail_1.jpg,lamitak,Laminate,"Maple, Dri-matt® Finish, Crowns Grains",23,44,None,Carpentry
17,WY 5294D,https://sg.lamitak.com/leah-laurentian-maple,wy_5294d_leah_laurentian_maple_4x8_thumbnail_1.jpg,lamitak,Laminate,"Maple, Dri-matt® Finish, Crowns Grains",23,44,None,Carpentry
18,WY 5293D,https://sg.lamitak.com/maya-laurentian-maple,wy_5293d_maya_laurentian_maple_4x8_thumbnail_1.jpg,lamitak,Laminate,"Maple, Dri-matt® Finish, Crowns Grains",23,44,None,Carpentry
19,WY 5605D,https://sg.lamitak.com/aria-laurentian-maple,lamitak_-_aria_laurentian_maple_wy_5605d_thumbnail.jpg,lamitak,Laminate,"Maple, Dri-matt® Finish, Crowns Grains",23,44,None,Carpentry
20,WYA 5296E,https://sg.lamitak.com/marrone-rovere-rapallo,wya_5296e_marrone_rovere_rapallo_4x8_thumbnail.jpg,lamitak,Laminate,"Oak, Straw Finish, Straight Grains",23,44,None,Carpentry
21,WYA 5295E,https://sg.lamitak.com/sbiadito-rovere-rapallo,wya_5295e_sbiadito_rovere_rapallo_4x8_thumbnail_1.jpg,lamitak,Laminate,"Oak, Straw Finish, Straight Grains",23,44,None,Carpentry
22,WYA 5297E,https://sg.lamitak.com/lavato-rovere-rapallo,wya-5297e-lavato-rapallo-rovere_thumbnail.jpg,lamitak,Laminate,"Oak, Straw Finish, Straight Grains",23,44,None,Carpentry
23,WYA 5298E,https://sg.lamitak.com/titus-rovere-rapallo,wya-5298e-titus-rapallo-rovere_thumbnail.jpg,lamitak,Laminate,"Oak, Straw Finish, Straight Grains",23,44,None,Carpentry
24,WYA 5288MT,https://sg.lamitak.com/brissago-abel,wya_5288mt_brissago_abel_4x8_thumbnail.jpg,lamitak,Laminate,"Eucalyptus, Textured Finish, Crowns Grains",23,44,None,Carpentry
25,WYA 5290MT,https://sg.lamitak.com/brissago-raphael,wya_5290mt_brissago_raphael_4x8_thumbnail.jpg,lamitak,Laminate,"Eucalyptus, Textured Finish, Crowns Grains",23,44,None,Carpentry
26,WYA  5289MT,https://sg.lamitak.com/collections/woods/types/brissago-noel,wya_5289mt_brissago_noel_4x8_thumbnail.jpg,lamitak,Laminate,"Eucalyptus, Textured Finish, Crowns Grains",23,44,None,Carpentry
27,WYA 5291MT,https://sg.lamitak.com/brissago-kandel,wya_5291mt_brissago_kandel_4x8_thumbnail.jpg,lamitak,Laminate,"Eucalyptus, Textured Finish, Crowns Grains",23,44,None,Carpentry
28,WG 5256D,https://sg.lamitak.com/noella-hemavan-ash,lamitak_wg_5256d_noella_hemavan_ash_4x8_thumbnail.jpg,lamitak,Laminate,"Ash, Dri-matt® Finish, Crowns Grains",23,44,None,Carpentry
29,WG 5253D,https://sg.lamitak.com/adele-hemavan-ash,lamitak_wg_5253d_adele_hemavan_ash_4x8_thumbnail.jpg,lamitak,Laminate,"Ash, Dri-matt® Finish, Crowns Grains",23,44,None,Carpentry
30,WG 5254D,https://sg.lamitak.com/giselle-hemavan-ash,lamitak_wg_5254d_giselle_hemavan_ash_4x8_thumbnail.jpg,lamitak,Laminate,"Ash, Dri-matt® Finish, Crowns Grains",23,44,None,Carpentry
31,WG 5255D,https://sg.lamitak.com/emile-hemavan-ash,lamitak_wg_5255d_emile_hemavan_ash_4x8_thumbnail.jpg,lamitak,Laminate,"Ash, Dri-matt® Finish, Crowns Grains",23,44,None,Carpentry
32,WY 1281D,https://sg.lamitak.com/aki-aomori-beech,wy_1281d_aki_aomori_beech_4x8_thumbnail.jpg,lamitak,Laminate,"Beech, Dri-matt® Finish, Crowns Grains",23,44,None,Carpentry
33,WY 1280D,https://sg.lamitak.com/haru-aomori-beech,wy_1280d_haru_aomori_beech_4x8_thumbnail.jpg,lamitak,Laminate,"Beech, Dri-matt® Finish, Crowns Grains",23,44,None,Carpentry
34,WY 1287D,https://sg.lamitak.com/nara-aomori-beech,lamitak_-_nara_aomori_beech_wy_1287d_thumbnail.jpg,lamitak,Laminate,"Beech, Dri-matt® Finish, Crowns Grains",23,44,None,Carpentry
35,WY 1286D,https://sg.lamitak.com/jun-aomori-beech,lamitak_-_jun_aomori_beech_wy_1286d_thumbnail.jpg,lamitak,Laminate,"Beech, Dri-matt® Finish, Crowns Grains",23,44,None,Carpentry
36,WY 1275D,https://sg.lamitak.com/nalda-nogal-americano,wy_1275d_nadal_nogal_americano_4x8_thumbnail_1.jpg,lamitak,Laminate,"Walnut, Dri-matt® Finish, Crowns Grains",23,44,None,Carpentry
37,WY 1274D,https://sg.lamitak.com/pilar-nogal-americano,wy_1274d_pilar_nogal_americano_4x8_thumbnail_1.jpg,lamitak,Laminate,"Walnut, Dri-matt® Finish, Crowns Grains",23,44,None,Carpentry
38,WY 1273D,https://sg.lamitak.com/reva-nogal-americano,wy_1273d_reva_nogal_americano_4x8_thumbnail_1.jpg,lamitak,Laminate,"Walnut, Dri-matt® Finish, Crowns Grains",23,44,None,Carpentry
39,WY 1272D,https://sg.lamitak.com/isa-nogal-americano,wy_1272d_isa_nogal_americano_4x8_thumbnail_1.jpg,lamitak,Laminate,"Walnut, Dri-matt® Finish, Crowns Grains",23,44,None,Carpentry
40,WY 1268D,https://sg.lamitak.com/gaia-noce-portofino,lamitak_wy_1268d_gaia_noce_portofino_4x8_thumbnail.jpg,lamitak,Laminate,"Walnut, Dri-matt® Finish, Crowns Grains",23,44,None,Carpentry
41,WY 1266D,https://sg.lamitak.com/elsa-noce-portofino,wy_1266d_elsa_noce_portofino_4x8_thumbnail.jpg,lamitak,Laminate,"Walnut, Dri-matt® Finish, Crowns Grains",23,44,None,Carpentry
42,WY 1267D,https://sg.lamitak.com/febe-noce-portofino,lamitak_wy_1267d_febe_noce_portofino_4x8_thumbnail.jpg,lamitak,Laminate,"Walnut, Dri-matt® Finish, Crowns Grains",23,44,None,Carpentry
43,WY 1265D,https://sg.lamitak.com/carla-noce-portofino,wy_1265d_carla_noce_portofino_4x8_thumbnail.jpg,lamitak,Laminate,"Walnut, Dri-matt® Finish, Crowns Grains",23,44,None,Carpentry
44,WY 1283D,https://sg.lamitak.com/omar-nevada-elm,wy_1283d_omar_nevada_elm_4x8_thumbnail.jpg,lamitak,Laminate,"Elm, Dri-matt® Finish, Crowns Grains",23,44,None,Carpentry
45,WY 1260D,https://sg.lamitak.com/chico-nevada-elm,wy_1260d_chico_nevada_elm_4x8_thumbnail.jpg,lamitak,Laminate,"Elm, Dri-matt® Finish, Crowns Grains",23,44,None,Carpentry
46,WY 1259D,https://sg.lamitak.com/mio-nevada-elm,wy_1259d_mio_nevada_elm_4x8_thumbnail.jpg,lamitak,Laminate,"Elm, Dri-matt® Finish, Crowns Grains",23,44,None,Carpentry
47,WY 1282D,https://sg.lamitak.com/runa-nevada-elm,wy_1282d_runa_nevada_elm_4x8_thumbnail.jpg,lamitak,Laminate,"Elm, Dri-matt® Finish, Crowns Grains",23,44,None,Carpentry
48,WY 1244D,https://sg.lamitak.com/ibiza-nogal,lamitak_wy_1244d_ibiza_nogal_4x8_thumbnail.jpg,lamitak,Laminate,"Walnut, Dri-matt® Finish, Straight Grains",23,44,None,Carpentry
49,WY 1245D,https://sg.lamitak.com/gomera-nogal,lamitak_wy_1245d_gomera_nogal_4x8_thumbnail.jpg,lamitak,Laminate,"Walnut, Dri-matt® Finish, Straight Grains",23,44,None,Carpentry
50,WY 1257D,https://sg.lamitak.com/cordoba-nogal,lamitak_wy_1257d_cordoba_nogal_4x8_thumbnail.jpg,lamitak,Laminate,"Walnut, Dri-matt® Finish, Straight Grains",23,44,None,Carpentry
51,WY 1246D,https://sg.lamitak.com/costa-nogal,lamitak_wy_1246d_costa_nogal_4x8_thumbnail.jpg,lamitak,Laminate,"Walnut, Dri-matt® Finish, Straight Grains",23,44,None,Carpentry
52,WY 4220X,https://sg.lamitak.com/natural-eames-teak,wy_4220x_natural_eames_teak_4x8_thumbnail_1.jpg,lamitak,Laminate,"Teak, Textured Finish, Straight Grains",23,44,None,Carpentry
53,WY 4223X,https://sg.lamitak.com/anthracite-eames-teak,wy_4223x_anthracite_eames_teak_4x8_thumbnail.jpg,lamitak,Laminate,"Teak, Textured Finish, Straight Grains",23,44,None,Carpentry
54,WY 4222X,https://sg.lamitak.com/stateroom-eames-teak,lamitak_wy_4222x_stateroom_eames_teak_4x8_thumbnail.jpg,lamitak,Laminate,"Teak, Textured Finish, Straight Grains",23,44,None,Carpentry
55,WY 4221X,https://sg.lamitak.com/weathered-eames-teak,wy_4221x_weathered_eames_teak_4x8_thumbnail.jpg,lamitak,Laminate,"Teak, Textured Finish, Straight Grains",23,44,None,Carpentry
56,WY 5213D,https://sg.lamitak.com/amerie-viola-noce,wy_5213d_amerie_viola_noce_4x8_thumbnail.jpg,lamitak,Laminate,"Walnut, Dri-matt® Finish, Crowns Grains",23,44,None,Carpentry
57,WY 5215D,https://sg.lamitak.com/brandolini-viola-noce,lamitak_wy_5215d_brandolini_viola_noce_4x8_thumbnail.jpg,lamitak,Laminate,"Walnut, Dri-matt® Finish, Crowns Grains",23,44,None,Carpentry
58,WY 5214D,https://sg.lamitak.com/cavalli-viola-noce,lamitak_wy_5214d_cavalli_viola_noce_4x8_thumbnail.jpg,lamitak,Laminate,"Walnut, Dri-matt® Finish, Crowns Grains",23,44,None,Carpentry
59,WY 5244D,https://sg.lamitak.com/riviera-viola-noce,lamitak_wy_5244d_riviera_viola_noce_4x8_thumbnail.jpg,lamitak,Laminate,"Walnut, Dri-matt® Finish, Crowns Grains",23,44,None,Carpentry
60,WY 4236X,https://sg.lamitak.com/johann-bavarian-oak,lamitak_wy_4236x_johann_bavarian_oak_4x8_thumbnail.jpg,lamitak,Laminate,"Oak, Textured Finish, Horizontal Grains",23,44,None,Carpentry
61,WY 4238X,https://sg.lamitak.com/berger-bavarian-oak,wy_4238x_berger_bavarian_oak_4x8_thumbnail.jpg,lamitak,Laminate,"Oak, Textured Finish, Horizontal Grains",23,44,None,Carpentry
62,WY 4237X,https://sg.lamitak.com/strauss-bavarian-oak,wy_4237x_strauss_bavarian_oak_4x8_thumbnail.jpg,lamitak,Laminate,"Oak, Textured Finish, Horizontal Grains",23,44,None,Carpentry
63,WY 4239X,https://sg.lamitak.com/eduard-bavarian-oak,wy_4239x_eduard_bavarian_oak_4x8_thumbnail.jpg,lamitak,Laminate,"Oak, Textured Finish, Horizontal Grains",23,44,None,Carpentry
64,WY 1264D,https://sg.lamitak.com/aldo-noce-vida,lamitak_wy_1264d_aldo_noce_vida_4x8_thumbnail.jpg,lamitak,Laminate,"Walnut, Dri-matt® Finish, Horizontal, Crowns Grains",23,44,None,Carpentry
65,WY 1262D,https://sg.lamitak.com/lino-noce-vida,lamitak_wy_1262d_lino_noce_vida_4x8_thumbnail.jpg,lamitak,Laminate,"Walnut, Dri-matt® Finish, Horizontal, Crowns Grains",23,44,None,Carpentry
66,WY 1261D,https://sg.lamitak.com/celio-noce-vida,lamitak_wy_1261d_celio_noce_vida_4x8_thumbnail.jpg,lamitak,Laminate,"Walnut, Dri-matt® Finish, Horizontal, Crowns Grains",23,44,None,Carpentry
67,WY 1263D,https://sg.lamitak.com/baro-noce-vida,lamitak_wy_1263d_baro_noce_vida_4x8_thumbnail.jpg,lamitak,Laminate,"Walnut, Dri-matt® Finish, Horizontal, Crowns Grains",23,44,None,Carpentry
68,WY 1258D,https://sg.lamitak.com/cordoba-nogal-horizontal,lamitak_wy_1258d_cordoba_nogal_horizontal_4x8_thumbnail.jpg,lamitak,Laminate,"Walnut, Dri-matt® Finish, Horizontal Grains",23,44,None,Carpentry
69,WY 1249D,https://sg.lamitak.com/ibiza-nogal-horizontal,lamitak_wy_1249d_ibiza_nogal_horizontal_4x8_thumbnail.jpg,lamitak,Laminate,"Walnut, Dri-matt® Finish, Horizontal Grains",23,44,None,Carpentry
70,WY 1248D,https://sg.lamitak.com/gomera-nogal-horizontal,lamitak_wy_1248d_gomera_nogal_horizontal_4x8_thumbnail.jpg,lamitak,Laminate,"Walnut, Dri-matt® Finish, Horizontal Grains",23,44,None,Carpentry
71,WY 1247D,https://sg.lamitak.com/costa-nogal-horizontal,lamitak_wy_1247d_costa_nogal_horizontal_4x8_thumbnail.jpg,lamitak,Laminate,"Walnut, Dri-matt® Finish, Horizontal Grains",23,44,None,Carpentry
72,WY 4260X,https://sg.lamitak.com/sheldon-oak-lasalle,lamitak_wy_4260x_sheldon_oak_lasalle_4x8_thumbnail.jpg,lamitak,Laminate,"Oak, Textured Finish, Horizontal Grains",23,44,None,Carpentry
73,WY 4261X,https://sg.lamitak.com/jayden-oak-lasalle,lamitak_wy_4261x_jayden_oak_lasalle_4x8_thumbnail.jpg,lamitak,Laminate,"Oak, Textured Finish, Horizontal Grains",23,44,None,Carpentry
74,WY 4259X,https://sg.lamitak.com/keaton-oak-lasalle,lamitak_wy_4259x_keaton_oak_lasalle_4x8_thumbnail.jpg,lamitak,Laminate,"Oak, Textured Finish, Horizontal Grains",23,44,None,Carpentry
75,WY 4258X,https://sg.lamitak.com/dalton-oak-lasalle,lamitak_wy_4258x_dalton_oak_lasalle_4x8_thumbnail.jpg,lamitak,Laminate,"Oak, Textured Finish, Horizontal Grains",23,44,None,Carpentry
76,WYA 4251K,https://sg.lamitak.com/hiro-itadori-elm,lamitak_wya_4251k_hiro_itadori_elm_4x8_thumbnail.jpg,lamitak,Laminate,"Elm, Textured Finish, Crowns Grains",23,44,None,Carpentry
77,WYA 4248K,https://sg.lamitak.com/gina-itadori-elm,wya_4248k_gina_itadori_elm_4x8_thumbnail.jpg,lamitak,Laminate,"Elm, Textured Finish, Crowns Grains",23,44,None,Carpentry
78,WYA 4249K,https://sg.lamitak.com/nori-itadori-elm,wya_4249k_nori_itadori_elm_4x8_thumbnail.jpg,lamitak,Laminate,"Elm, Textured Finish, Crowns Grains",23,44,None,Carpentry
79,WYA 4250K,https://sg.lamitak.com/taka-itadori-elm,lamitak_wya_4250k_taka_itadori_elm_4x8_thumbnail.jpg,lamitak,Laminate,"Elm, Textured Finish, Crowns Grains",23,44,None,Carpentry
80,WY 5251D,https://sg.lamitak.com/diego-oak-brunello,lamitak_wy_5251d_diego_oak_brunello_thumbnail.jpg,lamitak,Laminate,"Oak, Dri-matt® Finish, Crowns Grains",23,44,None,Carpentry
81,WY 5250D,https://sg.lamitak.com/carmelo-oak-brunello,lamitak_wy_5250d_carmelo_oak_brunello_thumbnail_1.jpg,lamitak,Laminate,"Oak, Dri-matt® Finish, Crowns Grains",23,44,None,Carpentry
82,WY 5249D,https://sg.lamitak.com/benito-oak-brunello,lamitak_wy_5249d_benito_oak_brunello_thumbnail_1.jpg,lamitak,Laminate,"Oak, Dri-matt® Finish, Crowns Grains",23,44,None,Carpentry
83,WY 5248D,https://sg.lamitak.com/andrea-oak-brunello,lamitak_wy_5248d_andrea_oak_brunello_thumbnail_1.jpg,lamitak,Laminate,"Oak, Dri-matt® Finish, Crowns Grains",23,44,None,Carpentry
84,WYA 5285MT,https://sg.lamitak.com/grau-zermatt-esche,wya_5285mt_grau_zermatt_esche_4x8_28052019_thumbnail.jpg,lamitak,Laminate,"Ash, Mirage Finish, Crowns Grains",23,44,None,Carpentry
85,WYA 5284MT,https://sg.lamitak.com/braun-zermatt-esche,wya_5284mt_braun_zermatt_esche_4x8_thumbnail.jpg,lamitak,Laminate,"Ash, Mirage Finish, Crowns Grains",23,44,None,Carpentry
86,WYA 5287MT,https://sg.lamitak.com/schwarz-zermatt-esche,wya_5287mt_schwarz_zermatt_esche_4x8_28052019_thumbnail.jpg,lamitak,Laminate,"Ash, Mirage Finish, Crowns Grains",23,44,None,Carpentry
87,WYA 5286MT,https://sg.lamitak.com/dunkel-zermatt-esche,wya_5286mt_dunkel_zermatt_esche_4x8_thumbnail.jpg,lamitak,Laminate,"Ash, Mirage Finish, Crowns Grains",23,44,None,Carpentry
88,WY 5281D,https://sg.lamitak.com/sven-knarvick-birch,wy_5281d_sven_knarvick_birch_4x8_thumbnail.jpg,lamitak,Laminate,"Beech, Dri-matt® Finish, Crowns Grains",23,44,None,Carpentry
89,WY 5283D,https://sg.lamitak.com/sigmund-knarvick-birch,wy_5283s_sigmund_knarvick_birch_4x8_thumbnail.jpg,lamitak,Laminate,"Beech, Dri-matt® Finish, Crowns Grains",23,44,None,Carpentry
90,WY 5280D,https://sg.lamitak.com/steniar-knarvick-birch,wy_5280d_steniar_knarvick_birch_4x8_thumbnail.jpg,lamitak,Laminate,"Beech, Dri-matt® Finish, Crowns Grains",23,44,None,Carpentry
91,WY  5282D,https://sg.lamitak.com/soren-knarvick-birch,wy_5282d_soren_knarvick_birch_4x8_thumbnail.jpg,lamitak,Laminate,"Beech, Dri-matt® Finish, Crowns Grains",23,44,None,Carpentry
92,WY 5603D,https://sg.lamitak.com/sayer-knarvick-birch,lamitak_-_sayer_knarvick_birch_wy_5603d_thumbnail.jpg,lamitak,Laminate,"Beech, Dri-matt® Finish, Crowns Grains",23,44,None,Carpentry
93,WY 1284D,https://sg.lamitak.com/vita-tivoli-elm,wy_1284d_vita_tivoli_elm_4x8_thumbnail.jpg,lamitak,Laminate,"Elm, Dri-matt® Finish, Crowns Grains",23,44,None,Carpentry
94,WY 1271D,https://sg.lamitak.com/valda-tivoli-elm,wy_1271d_valda_tivoli_elm_4x8_thumbnail.jpg,lamitak,Laminate,"Elm, Dri-matt® Finish, Crowns Grains",23,44,None,Carpentry
95,WY 1269D,https://sg.lamitak.com/luna-tivoli-elm,wy_1269d_luna_tivoli_elm_4x8_thumbnail_1.jpg,lamitak,Laminate,"Elm, Dri-matt® Finish, Crowns Grains",23,44,None,Carpentry
96,WY 1270D,https://sg.lamitak.com/karla-tivoli-elm,wy_1270d_karla_tivoli_elm_4x8_thumbnail.jpg,lamitak,Laminate,"Elm, Dri-matt® Finish, Crowns Grains",23,44,None,Carpentry
97,WY 4256X,https://sg.lamitak.com/karl-hoffmann-elm,wy_4256x_karl_hoffmann_elm_4x8_28052019_thumbnail.jpg,lamitak,Laminate,"Elm, Textured Finish, Crowns Grains",23,44,None,Carpentry
98,WY 4255X,https://sg.lamitak.com/matt-hoffmann-elm,wy_4255x_matt_hoffmann_elm_4x8_28052019_thumbnail.jpg,lamitak,Laminate,"Elm, Textured Finish, Crowns Grains",23,44,None,Carpentry
99,WY 4263X,https://sg.lamitak.com/brett-hoffmann-elm,lamitak_wy_4263x_-_brett_hoffmann_elm_thumbnail.jpg,lamitak,Laminate,"Elm, Textured Finish, Crowns Grains",23,44,None,Carpentry
100,WY 4264X,https://sg.lamitak.com/craig-hoffmann-elm,wy_4264x_craig_hoffmann_elm_4x8_thumbnail.jpg,lamitak,Laminate,"Elm, Textured Finish, Crowns Grains",23,44,None,Carpentry
101,WY 4262X,https://sg.lamitak.com/reid-hoffmann-elm,wy_4262x_reid_hoffmann_elm_4x8_28052019_thumbnail.jpg,lamitak,Laminate,"Elm, Textured Finish, Crowns Grains",23,44,None,Carpentry
102,WY 4257X,https://sg.lamitak.com/dale-hoffmann-elm-x,wy_4257x_dale_hoffmann_elm_4x8_thumbnail_1.jpg,lamitak,Laminate,"Elm, Textured Finish, Crowns Grains",23,44,None,Carpentry
103,WY 4272X,https://sg.lamitak.com/silas-hoffmann-elm,lamitak_-_silas_hoffmann_elm_wy_4272x_thumbnail.jpg,lamitak,Laminate,"Elm, Textured Finish, Crowns Grains",23,44,None,Carpentry
104,WY 4271X,https://sg.lamitak.com/noah-hoffmann-elm,lamitak_-_noah_hoffmann_elm_wy_4271x_thumbnail.jpg,lamitak,Laminate,"Elm, Textured Finish, Crowns Grains",23,44,None,Carpentry
105,WY 5261D,https://sg.lamitak.com/dark-rosenheim-maple,lamitak_wy_5261d_dark_rosenheim_maple_thumbnail_1.jpg,lamitak,Laminate,"Maple, Dri-matt® Finish, Crowns Grains",23,44,None,Carpentry
106,WY 5258D,https://sg.lamitak.com/bleached-rosenheim-maple,lamitak_wy_5258d_bleached_rosenheim_maple_thumbnail.jpg,lamitak,Laminate,"Maple, Dri-matt® Finish, Crowns Grains",23,44,None,Carpentry
107,WY 5259D,https://sg.lamitak.com/tanned-rosenheim-maple,lamitak_wy_5259d_tanned_rosenheim_maple_1.jpg,lamitak,Laminate,"Maple, Dri-matt® Finish, Crowns Grains",23,44,None,Carpentry
108,WY 5260D,https://sg.lamitak.com/grey-rosenheim-maple,lamitak_wy_5260d_grey_rosenheim_maple_thumbnail_1.jpg,lamitak,Laminate,"Maple, Dri-matt® Finish, Crowns Grains",23,44,None,Carpentry
109,WYA 5273E,https://sg.lamitak.com/fia-oak-giovanni,lamitak_wya_5273e_fia_oak_giovanni_thumbnail_1.jpg,lamitak,Laminate,"Oak, Textured Finish, Straight Grains",23,44,None,Carpentry
110,WYA 5272E,https://sg.lamitak.com/gemma-oak-giovanni,lamitak_wya_5272e_gemma_oak_giovanni_thumbnail_1.jpg,lamitak,Laminate,"Oak, Textured Finish, Straight Grains",23,44,None,Carpentry
111,WYA 5271E,https://sg.lamitak.com/esta-oak-giovanni,lamitak_wya_5271e_esta_oak_giovanni_thumbnail_cc.jpg,lamitak,Laminate,"Oak, Textured Finish, Straight Grains",23,44,None,Carpentry
112,WYA 5274E,https://sg.lamitak.com/belva-oak-giovanni,lamitak_wya_5274e_belva_oak_giovanni_thumbnail.jpg,lamitak,Laminate,"Oak, Textured Finish, Straight Grains",23,44,None,Carpentry
113,WYA 5270E,https://sg.lamitak.com/delfina-oak-giovanni,lamitak_wya_15270e_delfina_oak_giovanni_thumbnail_1.jpg,lamitak,Laminate,"Oak, Textured Finish, Straight Grains",23,44,None,Carpentry
114,WYA 5267E,https://sg.lamitak.com/agata-oak-giovanni,lamitak_wya_5267e_agata_oak_giovanni_thumbnail.jpg,lamitak,Laminate,"Oak, Textured Finish, Straight Grains",23,44,None,Carpentry
115,WYA 5268E,https://sg.lamitak.com/bambina-oak-giovanni,lamitak_wya_5268e_bambina_oak_giovanni_thumbnail_1.jpg,lamitak,Laminate,"Oak, Textured Finish, Straight Grains",23,44,None,Carpentry
116,WYA 5269E,https://sg.lamitak.com/carlotta-oak-giovanni,lamitak_wya_15269e_carlotta_oak_giovanni_thumbnail.jpg,lamitak,Laminate,"Oak, Textured Finish, Straight Grains",23,44,None,Carpentry
117,WY 4211X,https://sg.lamitak.com/fondue-ash,wy_4211x_fondue_ash_4x8_thumbnail.jpg,lamitak,Laminate,"Ash, Textured Finish, Straight Grains",None,None,None,Carpentry
118,WY 4210X,https://sg.lamitak.com/copthorne-ash,wy_4210x_copthorne_ash_4x8_thumbnail.jpg,lamitak,Laminate,"Ash, Textured Finish, Straight Grains",None,None,None,Carpentry
119,WY 4209X,https://sg.lamitak.com/avant-garde-ash,wy_4209x_avant_garde_ash_4x8_thumbnail.jpg,lamitak,Laminate,"Ash, Textured Finish, Straight Grains",None,None,None,Carpentry
120,WY 4270X,https://sg.lamitak.com/baltico-ash,lamitak_-_baltico_ash_wy_4270x_thumbnail.jpg,lamitak,Laminate,"Ash, Textured Finish, Crowns Grains",23,44,None,Carpentry
121,WY 4254X,https://sg.lamitak.com/kiro-shizuoka-oak,wy_4254x_kiro_shizuoka_oak_4x8_thumbnail.jpg,lamitak,Laminate,"Oak, Textured Finish, Crowns Grains",23,44,None,Carpentry
122,WY 4252X,https://sg.lamitak.com/ryo-shizuoka-oak,wy_4252x_ryo_shizuoka_oak_4x8_thumbnail.jpg,lamitak,Laminate,"Oak, Textured Finish, Crowns Grains",23,44,None,Carpentry
123,WY 4253X,https://sg.lamitak.com/jiro-shizuoka-oak,wy_4253x_jiro_shizuoka_oak_4x8_thumbnail.jpg,lamitak,Laminate,"Oak, Textured Finish, Crowns Grains",23,44,None,Carpentry
124,WY 4265X,https://sg.lamitak.com/aiko-shizuoka-oak,wy-4265x-aiko-shizuoko-oak_thumbnail.jpg,lamitak,Laminate,"Oak, Textured Finish, Crowns Grains",23,44,None,Carpentry
125,WY 4244X,https://sg.lamitak.com/canyon-avant-oak,lamitak_wy_4244x_canyon_avant_oak_thumbnail.jpg,lamitak,Laminate,"Oak, Textured Finish, Straight Grains",23,44,None,Carpentry
126,WY 4243X,https://sg.lamitak.com/noir-avant-oak,lamitak_wy_4243x_noir_avant_oak_thumbnail.jpg,lamitak,Laminate,"Oak, Textured Finish, Straight Grains",23,44,None,Carpentry
127,WY 4242X,https://sg.lamitak.com/hazel-avant-oak,lamitak_wy_4242x_hazel_avant_oak_thumbnail_1.jpg,lamitak,Laminate,"Oak, Textured Finish, Straight Grains",23,44,None,Carpentry
128,WY 4240X,https://sg.lamitak.com/raw-avant-oak,lamitak_wy_4240x_raw_avant_oak_thumbnail.jpg,lamitak,Laminate,"Oak, Textured Finish, Straight Grains",23,44,None,Carpentry
129,WY 4241X,https://sg.lamitak.com/mafil-avant-oak,lamitak_wy_4241x_mafil_avant_oak_thumbnail.jpg,lamitak,Laminate,"Oak, Textured Finish, Straight Grains",None,None,None,Carpentry
130,WYA 5265E,https://sg.lamitak.com/beiro-oak-granada,lamitak_wya_5265e_beiro_oak_granada_thumbnail_1.jpg,lamitak,Laminate,"Oak, Textured Finish, Crowns Grains",23,44,None,Carpentry
131,WYA 5266E,https://sg.lamitak.com/darro-oak-granada,lamitak_wya_5266e_darro_oak_granada_thumbnail_1.jpg,lamitak,Laminate,"Oak, Textured Finish, Crowns Grains",23,44,None,Carpentry
132,WYA 5264E,https://sg.lamitak.com/genil-oak-granada,lamitak_wya_5264e_genil_oak_granada_thumbnail.jpg,lamitak,Laminate,"Oak, Textured Finish, Crowns Grains",23,44,None,Carpentry
133,WYA 5263E,https://sg.lamitak.com/sierra-oak-granada,lamitak_wya_5263e_sierra_oak_granada_thumbnail_1.jpg,lamitak,Laminate,"Oak, Textured Finish, Crowns Grains",23,44,None,Carpentry
134,WY 1207S,https://sg.lamitak.com/salvador-teak-ramos,lamitak_wy1207s_salvador_teak_ramos_thumbnail.jpg,lamitak,Laminate,"Teak, Suede Finish, Straight Grains",23,44,None,Carpentry
135,WY 1208D,https://sg.lamitak.com/brazilian-teak-ramos,wy_1208d_brazilian_teak_ramos_4x8_thumbnail.jpg,lamitak,Laminate,"Teak, Dri-matt® Finish, Straight Grains",23,44,None,Carpentry
136,WY 1206D,https://sg.lamitak.com/jamaica-teak-ramos,wy_1206d_jamaica_teak_ramos_4x8_thumbnail_1_1.jpg,lamitak,Laminate,"Teak, Dri-matt® Finish, Straight Grains",23,44,None,Carpentry
137,WY 7201D,https://sg.lamitak.com/chilean-teak-ramos,wy-7201d-chilean-ramos-teak_thumbnail_1.jpg,lamitak,Laminate,"Teak, Dri-matt® Finish, Straight Grains",23,44,None,Carpentry
138,WY 5218D,https://sg.lamitak.com/ermanno-marcello-walnut,lamitak_wy_5218d_ermanno_marcello_walnut.jpg,lamitak,Laminate,"Walnut, Dri-matt® Finish, Crowns Grains",None,None,None,Carpentry
139,WY 5216D,https://sg.lamitak.com/taglio-marcello-walnut,wy_5216d_taglio_marcello_walnut_4x8_thumbnail.jpg,lamitak,Laminate,"Walnut, Dri-matt® Finish, Crowns Grains",23,44,None,Carpentry
140,WY 5217D,https://sg.lamitak.com/hermes-marcello-walnut,wy_5217d_hermes_marcello_walnut_4x8_thumbnail.jpg,lamitak,Laminate,"Walnut, Dri-matt® Finish, Crowns Grains",23,44,None,Carpentry
141,WY 5240D,https://sg.lamitak.com/collins-marcello-walnut,wy_5240d_collins_marcello_walnut_4x8_thumbnail.jpg,lamitak,Laminate,"Walnut, Dri-matt® Finish, Crowns Grains",23,44,None,Carpentry
142,WY 1242X,https://sg.lamitak.com/cool-java-teak,wy_1242x_cool_java_teak_4x8_thumbnail.jpg,lamitak,Laminate,"Teak, Textured Finish, Straight Grains",None,None,None,Carpentry
143,WY 1221X,https://sg.lamitak.com/catalog/product/view/id/12979/s/java-teak/category/6/,wy_1221x_java_teak_4x8_thumbnail.jpg,lamitak,Laminate,"Teak, Textured Finish, Straight Grains",None,None,None,Carpentry
144,WYA 1279E,https://sg.lamitak.com/liam-oak-giethoorn,wya_1279e_liam_oak_giethoorn_4x8_thumbnail.jpg,lamitak,Laminate,"Oak, Textured Finish, Crowns Grains",23,44,None,Carpentry
145,WYA 1277E,https://sg.lamitak.com/luuk-oak-giethoorn,wya_1277e_luuk_oak_giethoorn_4x8_thumbnail.jpg,lamitak,Laminate,"Oak, Textured Finish, Crowns Grains",23,44,None,Carpentry
146,WYA 1276E,https://sg.lamitak.com/levi-oak-giethoorn,wya_1276e_levi_oak_giethoorn_4x8_thumbnail.jpg,lamitak,Laminate,"Oak, Textured Finish, Crowns Grains",23,44,None,Carpentry
147,WYA 1278E,https://sg.lamitak.com/lucas-oak-giethoorn,wya_1278e_lucas_oak_giethoorn_4x8_thumbnail.jpg,lamitak,Laminate,"Oak, Textured Finish, Crowns Grains",23,44,None,Carpentry
148,WY 4218X,https://sg.lamitak.com/choc-oregon-teak,wy_4218x_choc_oregon_teak_4x8_thumbnail.jpg,lamitak,Laminate,"Teak, Textured Finish, Straight Grains",23,44,None,Carpentry
149,WY 4219X,https://sg.lamitak.com/black-oregon-teak,wy_4219x_black_oregon_teak_4x8_thumbnail.jpg,lamitak,Laminate,"Teak, Textured Finish, Straight Grains",23,44,None,Carpentry
150,WY 4217X,https://sg.lamitak.com/pine-oregon-teak,wy_4217x_pine_oregon_teak_4x8_thumbnail.jpg,lamitak,Laminate,"Teak, Textured Finish, Straight Grains",23,44,None,Carpentry
151,WY 4245X,https://sg.lamitak.com/umber-oregon-teak,wy_4245x_umber_oregon_teak_4x8_thumbnail.jpg,lamitak,Laminate,"Teak, Textured Finish, Straight Grains",23,44,None,Carpentry
152,WY 4247X,https://sg.lamitak.com/sicilian-peppercorn-ash,lamitak_wy_4247x_sicilian_peppercorn_ash_thumbnail.jpg,lamitak,Laminate,"Ash, Textured Finish, Crowns Grains",23,44,None,Carpentry
153,WY 4246X,https://sg.lamitak.com/sicilian-toffee-ash,lamitak_wy_4246x_sicilian_toffee_ash_thumbnail.jpg,lamitak,Laminate,"Ash, Textured Finish, Crowns Grains",23,44,None,Carpentry
154,WY 4230X,https://sg.lamitak.com/sicilian-aubergine-ash,lamitak_wy_4230x_sicilian_aubergine_ash_thumbnail.jpg,lamitak,Laminate,"Ash, Textured Finish, Crowns Grains",23,44,None,Carpentry
155,WY 4229X,https://sg.lamitak.com/sicilian-accorn-ash,lamitak_wy_4229x_sicilian_accorn_ash_thumbnail_1.jpg,lamitak,Laminate,"Ash, Textured Finish, Crowns Grains",23,44,None,Carpentry
156,WYA 1241X,https://sg.lamitak.com/bornia-alameda-wood,lamitak_wya_1241x_bornia_alameda_wood_thumbnail_1.jpg,lamitak,Laminate,"Exotic, Textured Finish, Straight Grains",None,None,None,Carpentry
157,WYA 1239X,https://sg.lamitak.com/litno-alameda-wood,lamitak_wya_1239x_litno_alameda_wood_thumbnail.jpg,lamitak,Laminate,"Exotic, Textured Finish, Straight Grains",None,None,None,Carpentry
158,WYA 1240X,https://sg.lamitak.com/tannio-alameda-wood,lamitak_wya_1240x_tannio_alameda_wood_thumbnail_1.jpg,lamitak,Laminate,"Exotic, Textured Finish, Straight Grains",None,None,None,Carpentry
159,WYA 1285X,https://sg.lamitak.com/alvino-alameda-wood,wya-1285x-alvino-alameda-wood_thumbnail.jpg,lamitak,Laminate,"Exotic, Textured Finish, Straight Grains",23,44,None,Carpentry
160,WHG 4225G,https://sg.lamitak.com/bruno-seville-walnut-gloss,lamitak_whg_4225g_bruno_seville_walnut_gloss_thumbnail_1.jpg,lamitak,Laminate,"Walnut, High Glossie Finish, Crowns Grains",23,44,None,Carpentry
161,WY 4225D,https://sg.lamitak.com/bruno-seville-walnut,lamitak_wy_4225d_bruno_seville_walnut_thumbnail_1.jpg,lamitak,Laminate,"Walnut, Dri-matt® Finish, Crowns Grains",23,44,None,Carpentry
162,WHG 4224G,https://sg.lamitak.com/bella-seville-walnut-gloss,lamitak_whg_4224g_bella_seville_walnut_thumbnail.jpg,lamitak,Laminate,"Walnut, High Glossie Finish, Crowns Grains",23,44,None,Carpentry
163,WY 4224D,https://sg.lamitak.com/bella-seville-walnut,lamitak_wy_4224d_bella_seville_walnut_thumbnail_1.jpg,lamitak,Laminate,"Walnut, Dri-matt® Finish, Crowns Grains",23,44,None,Carpentry
164,WY 4215S,https://sg.lamitak.com/earthy-horizontal-elm,wy_4215s_earthy_horizontal_elm_4x8_thumbnail.jpg,lamitak,Laminate,"Elm, Suede Finish, Horizontal Grains",None,None,None,Carpentry
165,WY 4216S,https://sg.lamitak.com/misty-horizontal-elm,wy_4216s_misty_horizontal_elm_4x8_thumbnail.jpg,lamitak,Laminate,"Elm, Suede Finish, Horizontal Grains",None,None,None,Carpentry
166,WY 4213S,https://sg.lamitak.com/sandy-horizontal-elm,wy_4213s_sandy_horizontal_elm_4x8_thumbnail.jpg,lamitak,Laminate,"Elm, Suede Finish, Horizontal Grains",None,None,None,Carpentry
167,WYA 5279E,https://sg.lamitak.com/panelo-rialto-pine,wya_5279e_panelo_rialto_pine_4x8_thumbnail.jpg,lamitak,Laminate,"Pine, Straw Finish, Knots Grains",23,44,None,Carpentry
168,WYA 5278E,https://sg.lamitak.com/marco-rialto-pine,wya_5278e_marco_rialto_pine_4x8_thumbnail.jpg,lamitak,Laminate,"Pine, Textured Finish, Knots Grains",23,44,None,Carpentry
169,WYA 5277E,https://sg.lamitak.com/nicolo-rialto-pine,wya_5277e_nicolo_rialto_pine_4x8_thumbnail.jpg,lamitak,Laminate,"Pine, Textured Finish, Knots Grains",23,44,None,Carpentry
170,WYA 5604E,https://sg.lamitak.com/lobo-rialto-pine,lamitak_-_lobo_rialto_pine_wya_5604e_thumbnail.jpg,lamitak,Laminate,"Pine, Textured Finish, Knots Grains",23,44,None,Carpentry
171,WYA 5299E,https://sg.lamitak.com/clio-rialto-pine,wya-5299e-clio-rialto-pine_thumbnail.jpg,lamitak,Laminate,"Pine, Textured Finish, Knots Grains",23,44,None,Carpentry
172,WYA 5276E,https://sg.lamitak.com/tobi-milnerton,wya_5276e_tobi_milnerton_06032019_thumbnail.jpg,lamitak,Laminate,"Exotic, Textured Finish, Straight Grains",23,44,None,Carpentry
173,WYA 5275E,https://sg.lamitak.com/ava-milnerton,wya_5275e_ava_milnerton_4x8_thumbnail.jpg,lamitak,Laminate,"Exotic, Textured Finish, Straight Grains",23,44,None,Carpentry
174,WYA 5262E,https://sg.lamitak.com/catalog/product/view/id/12752/s/corona-maple/category/6/,wya_5262e_corona_maple_4x8_thumbnail.jpg,lamitak,Laminate,"Exotic, Textured Finish, Straight Grains",None,None,None,Carpentry
175,WY 5243D,https://sg.lamitak.com/corrado-noce-roma,lamitak_wy_5243d_corrado_noce_roma_thumbnail_1.jpg,lamitak,Laminate,"Walnut, Dri-matt® Finish, Crowns Grains",23,44,None,Carpentry
176,WY 5252D,https://sg.lamitak.com/donatello-noce-roma,lamitak_wy_5252d_donatello_noce_roma_thumbnail_1.jpg,lamitak,Laminate,"Walnut, Dri-matt® Finish, Crowns Grains",23,44,None,Carpentry
177,WY 5241D,https://sg.lamitak.com/alfonso-noce-roma,lamitak_wy_5241d_alfonso_noce_roma_thumbnail.jpg,lamitak,Laminate,"Walnut, Dri-matt® Finish, Crowns Grains",23,44,None,Carpentry
178,WY 5242D,https://sg.lamitak.com/biaggio-noce-roma,lamitak_wy_5242d_biaggio_noce_roma_thumbnail_1.jpg,lamitak,Laminate,"Walnut, Dri-matt® Finish, Crowns Grains",23,44,None,Carpentry
179,WY 5231D,https://sg.lamitak.com/boston-york-teak,wy_5231d_boston_york_teak_4x8_thumbnail.jpg,lamitak,Laminate,"Teak, Dri-matt® Finish, Crowns Grains",None,None,None,Carpentry
180,WY 5239D,https://sg.lamitak.com/hamilton-york-teak,wy_5239d_hamilton_york_teak_4x8_thumbnail.jpg,lamitak,Laminate,"Teak, Dri-matt® Finish, Crowns Grains",23,44,None,Carpentry
181,WY 5232D,https://sg.lamitak.com/amber-york-teak,wy_5232d_amber_york_teak_4x8_thumbnail.jpg,lamitak,Laminate,"Teak, Dri-matt® Finish, Crowns Grains",23,44,None,Carpentry
182,WY 5230D,https://sg.lamitak.com/canele-york-teak,wy_5230d_canele_york_teak_4x8_thumbnail.jpg,lamitak,Laminate,"Teak, Dri-matt® Finish, Crowns Grains",23,44,None,Carpentry
183,WY 5245D,https://sg.lamitak.com/catalog/product/view/id/12895/s/cuiban-palisander/category/6/,lamitak_wy_5245d_cuiban_palisander_thumbnail.jpg,lamitak,Laminate,"Exotic, Dri-matt® Finish, Crowns Grains",23,44,None,Carpentry
184,WY 5257D,https://sg.lamitak.com/oscuro-cuiban-palisander,lamitak_wy_5257d_oscuro_cuiban_palisander_thumbnail.jpg,lamitak,Laminate,"Exotic, Dri-matt® Finish, Crowns Grains",23,44,None,Carpentry
185,WG 4201S,https://sg.lamitak.com/celeste-compile-wood,lamitak_wg_4201s_celeste_compile_wood_4x8_thumbnail.jpg,lamitak,Laminate,"Reconstituted, Suede Finish, Straight Grains",None,None,None,Carpentry
186,WG 4202S,https://sg.lamitak.com/chelsea-compile-wood,lamitak_wg_4202s_chelsea_compile_wood_4x8_thumbnail.jpg,lamitak,Laminate,"Reconstituted, Suede Finish, Straight Grains",None,None,None,Carpentry
187,WG 4212S,https://sg.lamitak.com/pure-compile-wood,lamitak_wg_4212s_pure_compile_wood_4x8_thumbnail.jpg,lamitak,Laminate,"Reconstituted, Suede Finish, Straight Grains",None,None,None,Carpentry
188,WG 1202S,https://sg.lamitak.com/legno-bronze-oak,lamitak_wg_1202s_legno_bronze_oak_thumbnail.jpg,lamitak,Laminate,"Oak, Suede Finish, Straight Grains",None,None,None,Carpentry
189,WG 1203S,https://sg.lamitak.com/legno-silver-oak,lamitak_wg_1203s_legno_silver_oak_thumbnail_1.jpg,lamitak,Laminate,"Oak, Suede Finish, Straight Grains",None,None,None,Carpentry
190,WG 5207S,https://sg.lamitak.com/legno-clear-oak,lamitak_wg_5207s_legno_clear_oak_thumbnail_1.jpg,lamitak,Laminate,"Oak, Suede Finish, Straight Grains",None,None,None,Carpentry
191,WGA 852S,https://sg.lamitak.com/siam-teak,lamitak_wga_852s_siam_teak_thumbnail2.jpg,lamitak,Laminate,"Teak, Suede Finish, Straight Grains",None,None,None,Carpentry
192,WY 1205D,https://sg.lamitak.com/soho-teak-oslo,lamitak_wy_1205d_soho_teak_oslo_thumbnail_1.jpg,lamitak,Laminate,"Teak, Dri-matt® Finish, Straight Grains",23,44,None,Carpentry
193,WY 5233D,https://sg.lamitak.com/phillipe-teak-oslo,lamitak_wy_5233d_phillipe_teak_oslo_thumbnail.jpg,lamitak,Laminate,"Teak, Dri-matt® Finish, Straight Grains",23,44,None,Carpentry
194,WY 1289D,https://sg.lamitak.com/finn-oslo-teak,lamitak_-_finn_oslo_teak_wy_1289d_thumbnail.jpg,lamitak,Laminate,"Teak, Dri-matt® Finish, Straight Grains",23,44,None,Carpentry
195,WY 1288D,https://sg.lamitak.com/wegner-oslo-teak,lamitak_-_wegner_oslo_teak_wy_1288d_thumbnail.jpg,lamitak,Laminate,"Teak, Dri-matt® Finish, Straight Grains",23,44,None,Carpentry
196,CCX 47202G,https://sg.lamitak.com/ginko-maple-wood-gloss,lamitak_ccx_47202g_ginko_maple_wood_gloss_4x8_thumbnail.jpg,lamitak,Laminate,"Maple, High Glossie Finish, Straight Grains",None,None,None,Carpentry
197,CCX 47202X,https://sg.lamitak.com/ginko-maple-wood,lamitak_ccx_47202x_ginko_maple_wood_4x8_thumbnail.jpg,lamitak,Laminate,"Maple, Textured Finish, Straight Grains",None,None,None,Carpentry
198,SCX 1177D,https://sg.lamitak.com/medallion,lamitak_scx_1177d_-_medallion.jpg,lamitak,Laminate,"Dri-matt® Solids, Dri-matt® Finish",None,None,None,Carpentry
199,SHG 1091,https://sg.lamitak.com/high-gloss-white,lamitak_shg_1091_-_high_gloss_white_4x8_.jpg,lamitak,Laminate,"High Gloss Solids (1mm), High Glossie Finish",None,None,None,Carpentry
200,SCA 5107D,https://sg.lamitak.com/black-nickel,lamitak_sca_5107d_-_black-nickel_4x8_.jpg,lamitak,Laminate,", Dri-matt® Finish",None,None,None,Carpentry
201,SCA 5101D,https://sg.lamitak.com/catalog/product/view/id/14139/s/designer-white/category/7/,lamitak_sca_5101d_-_designer_white.jpg,lamitak,Laminate,"Dri-matt® Solids, Dri-matt® Finish",None,None,None,Carpentry
202,SCA 5109D,https://sg.lamitak.com/mocha,lamitak_sca_5109d_-_mocha_4x8_.jpg,lamitak,Laminate,"Dri-matt® Solids, Dri-matt® Finish",None,None,None,Carpentry
203,SCA 5123D,https://sg.lamitak.com/nougat,lamitak_sca_5123d_-_nougat_4x8_.jpg,lamitak,Laminate,"Dri-matt® Solids, Dri-matt® Finish",None,None,None,Carpentry
204,SHG 1066,https://sg.lamitak.com/catalog/product/view/id/14113/s/high-gloss-black/category/7/,lamitak_shg_1066_-_high_gloss_black.jpg,lamitak,Laminate,"High Gloss Solids (1mm), High Glossie Finish",None,None,None,Carpentry
205,SHG 1150,https://sg.lamitak.com/high-gloss-taupe,lamitak_shg_1150_-_high_gloss_taupe_4x8_.jpg,lamitak,Laminate,"High Gloss Solids (1mm), High Glossie Finish",None,None,None,Carpentry
206,SHG 1149,https://sg.lamitak.com/high-gloss-iron,lamitak_shg_1149_-_high_gloss_iron_4x8__1.jpg,lamitak,Laminate,"High Gloss Solids (1mm), High Glossie Finish",None,None,None,Carpentry
207,SHG 1144,https://sg.lamitak.com/high-gloss-chalk,lamitak_shg_1144_-_high_gloss_chalk_4x8_.jpg,lamitak,Laminate,"High Gloss Solids (1mm), High Glossie Finish",None,None,None,Carpentry
208,SCX 1149D,https://sg.lamitak.com/iron,lamitak_scx_1149d_-_iron_4x8_.jpg,lamitak,Laminate,"Dri-matt® Solids, Dri-matt® Finish",None,None,None,Carpentry
209,SCA 5125D,https://sg.lamitak.com/laze,lamitak_sca_5125d_-_laze_4x8_.jpg,lamitak,Laminate,"Dri-matt® Solids, Dri-matt® Finish",None,None,None,Carpentry
210,SHG 1165,https://sg.lamitak.com/high-gloss-truffle,lamitak_shg_1165_-_high_gloss_truffle_4x8_.jpg,lamitak,Laminate,"High Gloss Solids (1mm), High Glossie Finish",None,None,None,Carpentry
211,SCA 1113D,https://sg.lamitak.com/chocolatier,lamitak_sca_1113d_-_chocolatier_4x8_.jpg,lamitak,Laminate,"Dri-matt® Solids, Dri-matt® Finish",None,None,None,Carpentry
212,SCA 1109D,https://sg.lamitak.com/lofty,lamitak_sca_1109d_-_lofty_4x8_.jpg,lamitak,Laminate,"Dri-matt® Solids, Dri-matt® Finish",None,None,None,Carpentry
213,SCA 1132D,https://sg.lamitak.com/nude,lamitak_sca_1132d_-_nude.jpg,lamitak,Laminate,"Dri-matt® Solids, Dri-matt® Finish",None,None,None,Carpentry
214,SCA 1135D,https://sg.lamitak.com/wintry-grey,lamitak_sca_1135d_-_wintry-grey.jpg,lamitak,Laminate,"Dri-matt® Solids, Dri-matt® Finish",None,None,None,Carpentry
215,SCA 1111D,https://sg.lamitak.com/wheat,lamitak_sca_1111d_-_wheat_4x8_.jpg,lamitak,Laminate,"Dri-matt® Solids, Dri-matt® Finish",None,None,None,Carpentry
216,SCA 1126D,https://sg.lamitak.com/mustard,lamitak_sca_1126d_-_mustard_4x8_.jpg,lamitak,Laminate,"Dri-matt® Solids, Dri-matt® Finish",None,None,None,Carpentry
217,SCA 1125D,https://sg.lamitak.com/vanilla,lamitak_sca_1125d_-_vanilla_4x8_.jpg,lamitak,Laminate,"Dri-matt® Solids, Dri-matt® Finish",None,None,None,Carpentry
218,SCA 1133D,https://sg.lamitak.com/champagne,lamitak_sca_1133d_-_champagne_4x8_.jpg,lamitak,Laminate,"Dri-matt® Solids, Dri-matt® Finish",None,None,None,Carpentry
219,SCA 1137D,https://sg.lamitak.com/dove,lamitak_sca_1137d_-_dove.jpg,lamitak,Laminate,"Dri-matt® Solids, Dri-matt® Finish",None,None,None,Carpentry
220,SCA 1138D,https://sg.lamitak.com/clay,lamitak_sca_1138d_-_clay_4x8_.jpg,lamitak,Laminate,"Dri-matt® Solids, Dri-matt® Finish",None,None,None,Carpentry
221,SCA 5118D,https://sg.lamitak.com/sepia,lamitak_sca_5118d_-_sepia_4x8_.jpg,lamitak,Laminate,"Dri-matt® Solids, Dri-matt® Finish",None,None,None,Carpentry
222,SCA 5124D,https://sg.lamitak.com/glacier,lamitak_sca_5124d_-_glacier_4x8_.jpg,lamitak,Laminate,"Dri-matt® Solids, Dri-matt® Finish",None,None,None,Carpentry
223,SCA 5129D,https://sg.lamitak.com/camel,lamitak_sca_5129d_-_camel_4x8_.jpg,lamitak,Laminate,"Dri-matt® Solids, Dri-matt® Finish",None,None,None,Carpentry
224,SCX 1150D,https://sg.lamitak.com/taupe,lamitak_scx_1150d_-_taupe_4x8_.jpg,lamitak,Laminate,"Dri-matt® Solids, Dri-matt® Finish",None,None,None,Carpentry
225,SCX 1166D,https://sg.lamitak.com/pebble,lamitak_scx_1166d_-_pebble_4x8_.jpg,lamitak,Laminate,"Dri-matt® Solids, Dri-matt® Finish",None,None,None,Carpentry
226,SCX 1165D,https://sg.lamitak.com/truffle,lamitak_scx_1165d_-_truffle_4x8_.jpg,lamitak,Laminate,"Dri-matt® Solids, Dri-matt® Finish",None,None,None,Carpentry
227,SCX 1167D,https://sg.lamitak.com/elodie,lamitak_scx_1167d_-_elodie_4x8_.jpg,lamitak,Laminate,"Dri-matt® Solids, Dri-matt® Finish",None,None,None,Carpentry
228,SCA 1103D,https://sg.lamitak.com/mood,lamitak_sca_1103d_-_mood_4x8_.jpg,lamitak,Laminate,"Dri-matt® Solids, Dri-matt® Finish",None,None,None,Carpentry
229,SCA 1136D,https://sg.lamitak.com/pewter,lamitak_sca_1136d_-_pewter_4x8_.jpg,lamitak,Laminate,"Dri-matt® Solids, Dri-matt® Finish",None,None,None,Carpentry
230,SCA 5127D,https://sg.lamitak.com/hickory,lamitak_sca_5127d_-_hickory_4x8_.jpg,lamitak,Laminate,"Dri-matt® Solids, Dri-matt® Finish",None,None,None,Carpentry
231,SCA 5128D,https://sg.lamitak.com/nutmeg,lamitak_sca_5128d_-_nutmeg_4x8_.jpg,lamitak,Laminate,"Dri-matt® Solids, Dri-matt® Finish",None,None,None,Carpentry
232,SCA 1144D,https://sg.lamitak.com/chalk-neutral-solids,lamitak_-_chalk_sca_1144d_thumbnail_2.jpg,lamitak,Laminate,", Dri-matt® Finish",None,None,None,Carpentry
233,SCA 5102D,https://sg.lamitak.com/frosty-white-neutral-solids,lamitak_-_frosty_white_sca_5102d_thumbnail.jpg,lamitak,Laminate,"Neutral Solids, Dri-matt® Finish",None,None,None,Carpentry
234,SCA 9500D,https://sg.lamitak.com/picket-white-neutral-solids,lamitak_-_picket_white_sca_9500d_thumbnail_3.jpg,lamitak,Laminate,", Dri-matt® Finish",None,None,None,Carpentry
235,SCA 1029D,https://sg.lamitak.com/warm-gray-neutral-solids,lamitak_-_warm_gray_sca_1029d_thumbnail.jpg,lamitak,Laminate,", Dri-matt® Finish",None,None,None,Carpentry
236,SCA 1141D,https://sg.lamitak.com/misty-grey-neutral-solids,lamitak_-_misty_grey_sca_1141d_thumbnail_1.jpg,lamitak,Laminate,", Dri-matt® Finish",None,None,None,Carpentry
237,SCM 1166XM,https://sg.lamitak.com/supermatt-pebble,lamitak_-_supermatt_pebble_scm_1166xm_thumbnail.jpg,lamitak,Laminate,", Supermatt Finish",None,None,None,Carpentry
238,SHG 1166,https://sg.lamitak.com/high-gloss-pebble,lamitak_-_high_gloss_pebble_shg_1166_thumbnail.jpg,lamitak,Laminate,", High Glossie Finish",None,None,None,Carpentry
239,SCM 1135XM,https://sg.lamitak.com/supermatt-wintry-grey,lamitak_-_supermatt_wintry_grey_scm_1135xm_thumbnail.jpg,lamitak,Laminate,", Supermatt Finish",None,None,None,Carpentry
240,SHG 1135,https://sg.lamitak.com/high-gloss-wintry-grey,lamitak_-_high_gloss_wintry_grey_shg_1135_thumbnail.jpg,lamitak,Laminate,", High Glossie Finish",None,None,None,Carpentry
241,SCM 1149XM,https://sg.lamitak.com/supermatt-iron,lamitak_-_supermatt_iron_scm_1149xm_thumbnail.jpg,lamitak,Laminate,", Supermatt Finish",None,None,None,Carpentry
242,SCM 1108XM,https://sg.lamitak.com/supermatt-black,lamitak_-_supermatt_black_scm_1108xm_thumbnail.jpg,lamitak,Laminate,", Supermatt Finish",None,None,None,Carpentry
243,SCA 1108D,https://sg.lamitak.com/black,lamitak_-_black_sca_1108d_thumbnail.jpg,lamitak,Laminate,", Dri-matt® Finish",None,None,None,Carpentry
244,SCM 1165XM,https://sg.lamitak.com/supermatt-truffle,lamitak_-_supermatt_truffle_scm_1165xm_thumbnail.jpg,lamitak,Laminate,", Supermatt Finish",None,None,None,Carpentry
245,SCM 1150XM,https://sg.lamitak.com/supermatt-taupe,lamitak_-_supermatt_taupe_scm_1150xm_thumbnail.jpg,lamitak,Laminate,", Supermatt Finish",None,None,None,Carpentry
246,SCA 1119D,https://sg.lamitak.com/oyster,lamitak_-_oyster_sca_1119d_thumbnail.jpg,lamitak,Laminate,", Dri-matt® Finish",None,None,None,Carpentry
247,SCA 1180D,https://sg.lamitak.com/haze,lamitak_-_haze_sca_1180d_thumbnail_2.jpg,lamitak,Laminate,", Dri-matt® Finish",None,None,None,Carpentry
248,SCA 1104D,https://sg.lamitak.com/beige-ardenne,lamitak_-_beige_ardenne_sca_1104d_thumbnail.jpg,lamitak,Laminate,", Dri-matt® Finish",None,None,None,Carpentry
249,SCA 1117D,https://sg.lamitak.com/saringa-cream,lamitak_-_saringa_cream_sca_1117d_thumbnail.jpg,lamitak,Laminate,", Dri-matt® Finish",None,None,None,Carpentry
250,SCA 1181D,https://sg.lamitak.com/magnolia,lamitak_-_magnolia_sca_1181d_thumbnail.jpg,lamitak,Laminate,", Dri-matt® Finish",None,None,None,Carpentry
251,SCA 5143D,https://sg.lamitak.com/sand-grey,lamitak_-_sand_grey_sca_5143d_thumbnail.jpg,lamitak,Laminate,", Dri-matt® Finish",None,None,None,Carpentry
252,SCA 5142D,https://sg.lamitak.com/beige-linen,lamitak_-_beige_linen_sca_5142d_thumbnail.jpg,lamitak,Laminate,", Dri-matt® Finish",None,None,None,Carpentry
253,SHG 1134,https://sg.lamitak.com/high-gloss-irish-cream,lamitak_-_high_gloss_irish_cream_shg_1134_thumbnail.jpg,lamitak,Laminate,", High Glossie Finish",None,None,None,Carpentry
254,SCA 1134D,https://sg.lamitak.com/irish-cream,lamitak_-_irish_cream_sca_1134d_thumbnail.jpg,lamitak,Laminate,", Dri-matt® Finish",None,None,None,Carpentry
255,SCM 1134XM,https://sg.lamitak.com/supermatt-irish-cream,lamitak_-_supermatt_irish_cream_scm_1134xm_thumbnail.jpg,lamitak,Laminate,", Supermatt Finish",None,None,None,Carpentry
256,SHG 1103,https://sg.lamitak.com/high-gloss-mood,lamitak_-_high_gloss_mood_shg_1103_thumbnail.jpg,lamitak,Laminate,", High Glossie Finish",None,None,None,Carpentry
257,SCM 1103XM,https://sg.lamitak.com/supermatt-mood,lamitak_-_supermatt_mood_scm_1103xm_thumbnail_1.jpg,lamitak,Laminate,", Supermatt Finish",None,None,None,Carpentry
258,SHG 1132,https://sg.lamitak.com/high-gloss-nude,lamitak_-_high_gloss_nude_shg_1132_thumbnail.jpg,lamitak,Laminate,", High Glossie Finish",None,None,None,Carpentry
259,SCM 1132XM,https://sg.lamitak.com/supermatt-nude,lamitak_-_supermatt_nude_scm_1132xm_thumbnail.jpg,lamitak,Laminate,", Supermatt Finish",None,None,None,Carpentry
260,SCM 1109XM,https://sg.lamitak.com/supermatt-lofty,lamitak_-_supermatt_lofty_scm_1109xm_thumbnail.jpg,lamitak,Laminate,", Supermatt Finish",None,None,None,Carpentry
261,SHG 5101,https://sg.lamitak.com/high-gloss-designer-white,lamitak_-_high_gloss_designer_white_shg_5101_thumbnail.jpg,lamitak,Laminate,", High Glossie Finish",None,None,None,Carpentry
262,SCM 5101XM,https://sg.lamitak.com/supermatt-designer-white,lamitak_-_supermatt_designer_white_scm_5101xm_thumbnail.jpg,lamitak,Laminate,", Supermatt Finish",None,None,None,Carpentry
263,SCM 1144XM,https://sg.lamitak.com/supermatt-chalk,lamitak_-_supermatt_chalk_scm_1144xm_thumbnail.jpg,lamitak,Laminate,"Neutral Solids, Supermatt Finish",None,None,None,Carpentry
264,SCA 1176D,https://sg.lamitak.com/pompeii,lamitak_sca_1176d_-_pompeii_4x8_.jpg,lamitak,Laminate,"Dri-matt® Solids, Dri-matt® Finish",None,None,None,Carpentry
265,SCA 1175D,https://sg.lamitak.com/serenity,lamitak_sca_1175d_-_serenity_4x8_.jpg,lamitak,Laminate,"Dri-matt® Solids, Dri-matt® Finish",None,None,None,Carpentry
266,SCA 1146D,https://sg.lamitak.com/fresco-blue,lamitak_sca_1146d_-_fresco_blue.jpg,lamitak,Laminate,"Dri-matt® Solids, Dri-matt® Finish",None,None,None,Carpentry
267,SCA 1107D,https://sg.lamitak.com/violet,lamitak_sca_1107d_-_violet.jpg,lamitak,Laminate,"Dri-matt® Solids, Dri-matt® Finish",None,None,None,Carpentry
268,SCA 1130D,https://sg.lamitak.com/candy-queen,lamitak_sca_1130d_-_candy-queen.jpg,lamitak,Laminate,"Dri-matt® Solids, Dri-matt® Finish",None,None,None,Carpentry
269,SCA 1143D,https://sg.lamitak.com/oceanic,lamitak_sca_1143d_-_oceanic_4x8_.jpg,lamitak,Laminate,"Dri-matt® Solids, Dri-matt® Finish",None,None,None,Carpentry
270,SCA 5117D,https://sg.lamitak.com/marina,lamitak_sca_5117d_-_marina_4x8_.jpg,lamitak,Laminate,"Dri-matt® Solids, Dri-matt® Finish",None,None,None,Carpentry
271,SCA 5116D,https://sg.lamitak.com/latio,lamitak_sca_5116d_-_latio_4x8_.jpg,lamitak,Laminate,"Dri-matt® Solids, Dri-matt® Finish",None,None,None,Carpentry
272,SCA 5115D,https://sg.lamitak.com/ethan-blue,lamitak_sca_5115d_-_ethan_blue_4x8_.jpg,lamitak,Laminate,"Dri-matt® Solids, Dri-matt® Finish",None,None,None,Carpentry
273,SCX 1161D,https://sg.lamitak.com/periwinkle,lamitak_scx_1161d_-_periwinkle_4x8_.jpg,lamitak,Laminate,"Dri-matt® Solids, Dri-matt® Finish",None,None,None,Carpentry
274,SCA 5139D,https://sg.lamitak.com/aqua,lamitak_sca_5139d_-_aqua.jpg,lamitak,Laminate,"Dri-matt® Solids, Dri-matt® Finish",None,None,None,Carpentry
275,SCX 1171D,https://sg.lamitak.com/belize,lamitak_scx_1171d_-_belize_4x8_.jpg,lamitak,Laminate,"Dri-matt® Solids, Dri-matt® Finish",None,None,None,Carpentry
276,SCX 1179D,https://sg.lamitak.com/mauve,lamitak_scx_1179d_-_mauve.jpg,lamitak,Laminate,"Dri-matt® Solids, Dri-matt® Finish",None,None,None,Carpentry
277,SCA 5104D,https://sg.lamitak.com/kenzo,lamitak_sca_5104d_-_kenzo.jpg,lamitak,Laminate,"Dri-matt® Solids, Dri-matt® Finish",None,None,None,Carpentry
278,SCA 1157D,https://sg.lamitak.com/candy-red,lamitak_sca_1157d_-_candy_red_4x8_.jpg,lamitak,Laminate,"Dri-matt® Solids, Dri-matt® Finish",None,None,None,Carpentry
279,SCX 1173D,https://sg.lamitak.com/amaryllis,lamitak_scx_1173d_-_amaryllis_4x8_.jpg,lamitak,Laminate,"Dri-matt® Solids, Dri-matt® Finish",None,None,None,Carpentry
280,SCA 1112D,https://sg.lamitak.com/passion-red,lamitak_sca_1112d_-_passion-red_4x8_.jpg,lamitak,Laminate,"Dri-matt® Solids, Dri-matt® Finish",None,None,None,Carpentry
281,SCA 1121D,https://sg.lamitak.com/rouge,lamitak_sca_1121d_-_rouge.jpg,lamitak,Laminate,"Dri-matt® Solids, Dri-matt® Finish",None,None,None,Carpentry
282,SCA 1140D,https://sg.lamitak.com/rich-tangerine,lamitak_sca_1140d_-_rich-tangerine_4x8_.jpg,lamitak,Laminate,"Dri-matt® Solids, Dri-matt® Finish",None,None,None,Carpentry
283,SCX 1152D,https://sg.lamitak.com/jazzberry,lamitak_scx_1152d_-_jazzberry_4x8_.jpg,lamitak,Laminate,"Dri-matt® Solids, Dri-matt® Finish",None,None,None,Carpentry
284,SCX 1162D,https://sg.lamitak.com/cello,lamitak_scx_1162d_-_cello_4x8_.jpg,lamitak,Laminate,"Dri-matt® Solids, Dri-matt® Finish",None,None,None,Carpentry
285,SCX 1168D,https://sg.lamitak.com/lipstick,lamitak_scx_1168d_-_lipstick_4x8_.jpg,lamitak,Laminate,"Dri-matt® Solids, Dri-matt® Finish",None,None,None,Carpentry
286,SCA 5135D,https://sg.lamitak.com/fuchsia,lamitak_sca_5135d_-_fuchsia.jpg,lamitak,Laminate,"Dri-matt® Solids, Dri-matt® Finish",None,None,None,Carpentry
287,SCX 1151D,https://sg.lamitak.com/cranberry,lamitak_scx_1151d_-_cranberry_4x8_.jpg,lamitak,Laminate,"Dri-matt® Solids, Dri-matt® Finish",None,None,None,Carpentry
288,SCX 1178D,https://sg.lamitak.com/moss,lamitak_scx_1178d_-_moss_4x8_.jpg,lamitak,Laminate,"Dri-matt® Solids, Dri-matt® Finish",None,None,None,Carpentry
289,SCA 1156D,https://sg.lamitak.com/prairie-green,lamitak_sca_1156d_-_prairie_green_4x8_.jpg,lamitak,Laminate,"Dri-matt® Solids, Dri-matt® Finish",None,None,None,Carpentry
290,SCX 1172D,https://sg.lamitak.com/espalier,lamitak_scx_1172d_-_espalier_4x8_.jpg,lamitak,Laminate,"Dri-matt® Solids, Dri-matt® Finish",None,None,None,Carpentry
291,SCX 1147D,https://sg.lamitak.com/cadet-blue,lamitak_scx_1147d_-_cadetblue_4x8_.jpg,lamitak,Laminate,"Dri-matt® Solids, Dri-matt® Finish",None,None,None,Carpentry
292,SCA 5120D,https://sg.lamitak.com/kiwi,lamitak_sca_5120d_-_kiwi_4x8_.jpg,lamitak,Laminate,"Dri-matt® Solids, Dri-matt® Finish",None,None,None,Carpentry
293,SCX 1170D,https://sg.lamitak.com/hemlock,lamitak_scx_1170d_-_hemlock_4x8_.jpg,lamitak,Laminate,"Dri-matt® Solids, Dri-matt® Finish",None,None,None,Carpentry
294,SCA 5119D,https://sg.lamitak.com/celery,lamitak_sca_5119d_-_celery_4x8_.jpg,lamitak,Laminate,"Dri-matt® Solids, Dri-matt® Finish",None,None,None,Carpentry
295,SCX 1159D,https://sg.lamitak.com/celadon,lamitak_scx_1159d_-_celadon_4x8_.jpg,lamitak,Laminate,"Dri-matt® Solids, Dri-matt® Finish",None,None,None,Carpentry
296,SCX 1155D,https://sg.lamitak.com/frost,lamitak_scx_1155d_-_frost_4x8_.jpg,lamitak,Laminate,"Dri-matt® Solids, Dri-matt® Finish",None,None,None,Carpentry
297,SCX 1154D,https://sg.lamitak.com/blueberry,lamitak_scx_1154d_-_blueberry_4x8_.jpg,lamitak,Laminate,"Dri-matt® Solids, Dri-matt® Finish",None,None,None,Carpentry
298,SCA 1124D,https://sg.lamitak.com/nautical,lamitak_sca_1124d_-_nautical_4x8_.jpg,lamitak,Laminate,"Dri-matt® Solids, Dri-matt® Finish",None,None,None,Carpentry
299,SCX 1163D,https://sg.lamitak.com/brunswick,lamitak_scx_1163d_-_brunswick_4x8_.jpg,lamitak,Laminate,"Dri-matt® Solids, Dri-matt® Finish",None,None,None,Carpentry
300,SCA 1128D,https://sg.lamitak.com/butter,lamitak_sca_1128d_-_butter.jpg,lamitak,Laminate,"Dri-matt® Solids, Dri-matt® Finish",None,None,None,Carpentry
301,SCA 5103D,https://sg.lamitak.com/cream,lamitak_sca_5103d_-_cream_4x8_.jpg,lamitak,Laminate,"Dri-matt® Solids, Dri-matt® Finish",None,None,None,Carpentry
302,SCA 5112D,https://sg.lamitak.com/popcorn,lamitak_sca_5112d_-_popcorn_4x8_.jpg,lamitak,Laminate,"Dri-matt® Solids, Dri-matt® Finish",None,None,None,Carpentry
303,SCA 5110D,https://sg.lamitak.com/pumpkin,lamitak_sca_5110d_-_pumpkin.jpg,lamitak,Laminate,"Dri-matt® Solids, Dri-matt® Finish",None,None,None,Carpentry
304,SCA 1120D,https://sg.lamitak.com/lemon-chiffon,lamitak_sca_1120d_-_lemon-chiffon_4x8_.jpg,lamitak,Laminate,"Dri-matt® Solids, Dri-matt® Finish",None,None,None,Carpentry
305,SCA 1145D,https://sg.lamitak.com/enfield,lamitak_sca_1145d_-_enfield_4x8_.jpg,lamitak,Laminate,"Dri-matt® Solids, Dri-matt® Finish",None,None,None,Carpentry
306,SCA 1139D,https://sg.lamitak.com/inspirations/by-nature-s-way/carrot,lamitak_sca_1139d_-_carrot.jpg,lamitak,Laminate,"Dri-matt® Solids, Dri-matt® Finish",None,None,None,Carpentry
307,SCX 1158D,https://sg.lamitak.com/dandelion,lamitak_scx_1158d_-_dandelion_1.jpg,lamitak,Laminate,"Dri-matt® Solids, Dri-matt® Finish",None,None,None,Carpentry
308,SCX 5138D,https://sg.lamitak.com/lime,lamitak_scx_5138d_-_lime_4x8_.jpg,lamitak,Laminate,"Dri-matt® Solids, Dri-matt® Finish",None,None,None,Carpentry
309,SCA 5133D,https://sg.lamitak.com/wasabi,lamitak_sca_5133d_-_wasabi_4x8_.jpg,lamitak,Laminate,"Dri-matt® Solids, Dri-matt® Finish",None,None,None,Carpentry
310,SCA 5113D,https://sg.lamitak.com/light-orange,lamitak_sca_5113d_-_light_orange_4x8_.jpg,lamitak,Laminate,"Dri-matt® Solids, Dri-matt® Finish",None,None,None,Carpentry
311,SCX 1169D,https://sg.lamitak.com/tangerine,lamitak_scx_1169d_-_tangerine_4x8_.jpg,lamitak,Laminate,"Dri-matt® Solids, Dri-matt® Finish",None,None,None,Carpentry
312,STP 1109,https://sg.lamitak.com/concha-lines,lamitak_stp_1109_-_concha_lines_4x8_.jpg,lamitak,Laminate,"Nanolines, Textured Finish",None,None,None,Carpentry
313,STP 1114,https://sg.lamitak.com/raider-lines,lamitak_stp_1114_-_raider_lines_4x8_.jpg,lamitak,Laminate,"Nanolines, Textured Finish",None,None,None,Carpentry
314,STP 1135,https://sg.lamitak.com/wintry-grey-lines,lamitak_stp_1135_-_wintry_grey_lines.jpg,lamitak,Laminate,"Nanolines, Textured Finish",None,None,None,Carpentry
315,STP 1136,https://sg.lamitak.com/pewter-lines,lamitak_stp_1136_-_pewter_lines.jpg,lamitak,Laminate,"Nanolines, Textured Finish",None,None,None,Carpentry
316,STP 1154,https://sg.lamitak.com/blueberry-lines,lamitak_stp_1154_-_blueberry_lines.jpg,lamitak,Laminate,"Nanolines, Textured Finish",None,None,None,Carpentry
317,STP 5108,https://sg.lamitak.com/olive-lines,lamitak_stp_5108_-_olive_lines.jpg,lamitak,Laminate,"Nanolines, Textured Finish",None,None,None,Carpentry
318,GPC 1144,https://sg.lamitak.com/catalog/product/view/id/14129/s/high-gloss-chalk/category/7/,lamitak_gpc_1144_-_high_gloss_chalk.jpg,lamitak,Laminate,"High Gloss Solids, Gloss Finish",None,None,None,Carpentry
319,GPC 1028,https://sg.lamitak.com/catalog/product/view/id/14111/s/high-gloss-chocolate/category/7/,lamitak_gpc_1028_-_high_gloss_chocolate_4x8_.jpg,lamitak,Laminate,"High Gloss Solids, Gloss Finish",None,None,None,Carpentry
320,GPC 1024,https://sg.lamitak.com/catalog/product/view/id/14109/s/high-gloss-orange/category/7/,lamitak_gpc_1024_-_high_gloss_orange_4x8_copy.jpg,lamitak,Laminate,"High Gloss Solids, Gloss Finish",None,None,None,Carpentry
321,GPC 1057,https://sg.lamitak.com/catalog/product/view/id/14107/s/high-gloss-marigold/category/7/,lamitak_gpc_1057_-_high_gloss_marigold_4x8_.jpg,lamitak,Laminate,"High Gloss Solids, Gloss Finish",None,None,None,Carpentry
322,GPC 1069,https://sg.lamitak.com/catalog/product/view/id/14105/s/high-gloss-silver/category/7/,lamitak_gpc_1069_-_high_gloss_silver_4x8_.jpg,lamitak,Laminate,"High Gloss Solids, Gloss Finish",None,None,None,Carpentry
323,GPC 1051,https://sg.lamitak.com/catalog/product/view/id/14103/s/high-gloss-wheat/category/7/,lamitak_gpc_1051_-_high_gloss_wheat_4x8_.jpg,lamitak,Laminate,"High Gloss Solids, Gloss Finish",None,None,None,Carpentry
324,GPC 1187,https://sg.lamitak.com/catalog/product/view/id/14101/s/high-gloss-pearl/category/7/,lamitak_gpc_1187_-_high_gloss_pearl.jpg,lamitak,Laminate,"High Gloss Solids, Gloss Finish",None,None,None,Carpentry
325,GPC 1066,https://sg.lamitak.com/catalog/product/view/id/14095/s/high-gloss-black/category/7/,lamitak_gpc_1066_-_high_gloss_black.jpg,lamitak,Laminate,"High Gloss Solids, Gloss Finish",None,None,None,Carpentry
326,GPC 2099,https://sg.lamitak.com/catalog/product/view/id/14093/s/high-gloss-pewter/category/7/,lamitak_gpc_2099_-_high_gloss_pewter_4x8_.jpg,lamitak,Laminate,"High Gloss Solids, Gloss Finish",None,None,None,Carpentry
327,GPC 1091,https://sg.lamitak.com/catalog/product/view/id/14059/s/high-gloss-white/category/7/,lamitak_gpc_1091_-_high_gloss_white.jpg,lamitak,Laminate,"High Gloss Solids, Gloss Finish",None,None,None,Carpentry
328,SHG 1187,https://sg.lamitak.com/catalog/product/view/id/14143/s/high-gloss-pearl/category/7/,lamitak_shg_1187_-_high_gloss_pearl.jpg,lamitak,Laminate,"High Gloss Solids (1mm), Gloss Finish",None,None,None,Carpentry
329,SHG 1171,https://sg.lamitak.com/catalog/product/view/id/14157/s/belize-gloss/category/7/,lamitak_shg_1171_-_belize_gloss_4x8_.jpg,lamitak,Laminate,"High Gloss Solids (1mm), Gloss Finish",None,None,None,Carpentry
330,SHG 2099,https://sg.lamitak.com/catalog/product/view/id/14145/s/high-gloss-pewter/category/7/,lamitak_shg_2099_-_high_gloss_pewter_4x8_.jpg,lamitak,Laminate,"High Gloss Solids (1mm), Gloss Finish",None,None,None,Carpentry
331,SHG 1051,https://sg.lamitak.com/catalog/product/view/id/14141/s/high-gloss-wheat/category/7/,lamitak_shg_1051_-_high_gloss_wheat_4x8_.jpg,lamitak,Laminate,"High Gloss Solids (1mm), Gloss Finish",None,None,None,Carpentry
332,SHG 5127,https://sg.lamitak.com/catalog/product/view/id/14137/s/high-gloss-hickory/category/7/,lamitak_shg_5127_-_high_gloss_hickory_4x8_.jpg,lamitak,Laminate,"High Gloss Solids (1mm), Gloss Finish",None,None,None,Carpentry
333,SHG 1112,https://sg.lamitak.com/catalog/product/view/id/14135/s/high-gloss-burgundy/category/7/,lamitak_shg_1112_-_high_gloss_burgundy_4x8_.jpg,lamitak,Laminate,"High Gloss Solids (1mm), Gloss Finish",None,None,None,Carpentry
334,SHG 5135,https://sg.lamitak.com/catalog/product/view/id/14133/s/high-gloss-fuchsia/category/7/,lamitak_shg_5135_-_high_gloss_fuchsia_4x8_.jpg,lamitak,Laminate,"High Gloss Solids (1mm), Gloss Finish",None,None,None,Carpentry
335,SHG 1169,https://sg.lamitak.com/catalog/product/view/id/14131/s/tangerine-gloss/category/7/,lamitak_shg_1169_-_tangerine_gloss_4x8_.jpg,lamitak,Laminate,"High Gloss Solids (1mm), Gloss Finish",None,None,None,Carpentry
336,SHG 1065,https://sg.lamitak.com/catalog/product/view/id/14099/s/high-gloss-salsa/category/7/,lamitak_shg_1065_-_high_gloss_salsa_4x8_.jpg,lamitak,Laminate,"High Gloss Solids (1mm), Gloss Finish",None,None,None,Carpentry
337,SHG 1172,https://sg.lamitak.com/catalog/product/view/id/14097/s/espalier-gloss/category/7/,lamitak_shg_1172_-_espalier_gloss_4x8_.jpg,lamitak,Laminate,", Gloss Finish",None,None,None,Carpentry
338,SHG 1151,https://sg.lamitak.com/high-gloss-cranberry,lamitak_shg_1151_-_high_gloss_cranberry_4x8_.jpg,lamitak,Laminate,"High Gloss Solids (1mm), Gloss Finish",None,None,None,Carpentry
339,SHG 1152,https://sg.lamitak.com/high-gloss-jazzberry,lamitak_shg_1152_-_high_gloss_jazzberry_4x8_.jpg,lamitak,Laminate,"High Gloss Solids (1mm), Gloss Finish",None,None,None,Carpentry
340,SHG 1140,https://sg.lamitak.com/rich-tangerine-gloss,lamitak_shg_1140_-_rich_tangerine_gloss_4x8_.jpg,lamitak,Laminate,"High Gloss Solids (1mm), Gloss Finish",None,None,None,Carpentry
341,SHG 1155,https://sg.lamitak.com/high-gloss-frost,lamitak_shg_1155_-_high_gloss_frost_4x8__1.jpg,lamitak,Laminate,"High Gloss Solids (1mm), Gloss Finish",None,None,None,Carpentry
342,SHG 1154,https://sg.lamitak.com/high-gloss-blueberry,lamitak_shg_1154_-_high_gloss_blueberry_4x8_.jpg,lamitak,Laminate,"High Gloss Solids (1mm), Gloss Finish",None,None,None,Carpentry
343,SHG 1124,https://sg.lamitak.com/high-gloss-nautical,lamitak_shg_1124_-_high_gloss_nautical_4x8_.jpg,lamitak,Laminate,"High Gloss Solids (1mm), Gloss Finish",None,None,None,Carpentry
344,SHG 1147,https://sg.lamitak.com/high-gloss-cadet-blue,lamitak_shg_1147_-_high_gloss_cadet-blue_4x8_.jpg,lamitak,Laminate,"High Gloss Solids (1mm), Gloss Finish",None,None,None,Carpentry
345,SHG 1143,https://sg.lamitak.com/high-gloss-oceanic,lamitak_shg_1143_-_high_gloss_oceanic_4x8_.jpg,lamitak,Laminate,"High Gloss Solids (1mm), Gloss Finish",None,None,None,Carpentry
346,SHG 1173,https://sg.lamitak.com/amaryllis-gloss,lamitak_shg_1173_-_amaryllis_gloss.jpg,lamitak,Laminate,"High Gloss Solids (1mm), Gloss Finish",None,None,None,Carpentry
347,SHG 1160,https://sg.lamitak.com/high-gloss-jonquil,lamitak_shg_1160_-_high_gloss_jonquil_4x8_.jpg,lamitak,Laminate,"High Gloss Solids (1mm), Gloss Finish",None,None,None,Carpentry
348,SHG 1157,https://sg.lamitak.com/high-gloss-candy-red,lamitak_shg_1157_-_high_gloss_candy_red_4x8_.jpg,lamitak,Laminate,"High Gloss Solids (1mm), Gloss Finish",None,None,None,Carpentry
349,SHG 1159,https://sg.lamitak.com/high-gloss-celadon,lamitak_shg_1159_-_high_gloss_celadon_4x8_.jpg,lamitak,Laminate,"High Gloss Solids (1mm), Gloss Finish",None,None,None,Carpentry
350,SHG 1163,https://sg.lamitak.com/high-gloss-brunswick,lamitak_shg_1163_-_high_gloss_brunswick_4x8_.jpg,lamitak,Laminate,"High Gloss Solids (1mm), Gloss Finish",None,None,None,Carpentry
351,PCA 1104S-4.5 x 8.5-4x8,https://sg.lamitak.com/catalog/product/view/id/14403/s/beige-ardenne-4-5-x-8-5-4x8/category/7/,small_image.jpg,lamitak,Laminate,"Staple Solids, Suede Finish",None,None,None,Carpentry
352,CES 9501S,https://sg.lamitak.com/inspirations/by-nature-s-way/champagne,lamitak_ces_9501s_-_champagne_4x8_.jpg,lamitak,Laminate,"Staple Solids, Suede Finish",None,None,None,Carpentry
353,CES 9500S,https://sg.lamitak.com/picket-white,lamitak_ces_9500s_-_picket_white.jpg,lamitak,Laminate,"Staple Solids, Suede Finish",None,None,None,Carpentry
354,PCA 1113S,https://sg.lamitak.com/collections/solids/staple-solids/chocolatier,lamitak_pca_1113s_-_chocolatier_4x8_.jpg,lamitak,Laminate,"Staple Solids, Suede Finish",None,None,None,Carpentry
355,PCA 5101S,https://sg.lamitak.com/designer-white,lamitak_pca_5101s_-_designer_white.jpg,lamitak,Laminate,"Staple Solids, Suede Finish",None,None,None,Carpentry
356,PCA 5118S,https://sg.lamitak.com/collections/solids/staple-solids/sepia,lamitak_pca_5118s_-_sepia_4x8_.jpg,lamitak,Laminate,"Staple Solids, Suede Finish",None,None,None,Carpentry
357,PCA 1119S,https://sg.lamitak.com/collections/solids/types/oyster,lamitak_pca_1119s_-_oyster_4x8_.jpg,lamitak,Laminate,"Staple Solids, Suede Finish",None,None,None,Carpentry
358,PCA 1117S,https://sg.lamitak.com/collections/solids/types/saringa-cream,lamitak_pca_1117s_-_saringa_cream_4x8_.jpg,lamitak,Laminate,"Staple Solids, Suede Finish",None,None,None,Carpentry
359,PCA 1131S,https://sg.lamitak.com/collections/solids/types/magnolia,lamitak_pca_1131s_-_magnolia_4x8_.jpg,lamitak,Laminate,"Staple Solids, Suede Finish",None,None,None,Carpentry
360,PCA 1134S,https://sg.lamitak.com/collections/solids/types/irish-cream,lamitak_pca_1134s_-_irish_cream_4x8_.jpg,lamitak,Laminate,"Staple Solids, Suede Finish",None,None,None,Carpentry
361,PCA 1104S,https://sg.lamitak.com/collections/solids/types/beige-ardenne,lamitak_pca_1104s_-_beige_ardenne_4x8_.jpg,lamitak,Laminate,"Staple Solids, Suede Finish",None,None,None,Carpentry
362,PCA 1029S,https://sg.lamitak.com/warm-gray-2,lamitak_pca_1029s_-_warm_gray_4x8_.jpg,lamitak,Laminate,"Staple Solids, Suede Finish",None,None,None,Carpentry
363,PCA 1103S,https://sg.lamitak.com/collections/solids/types/moon-stone,lamitak_pca_1103s_-_moon_stone_4x8_.jpg,lamitak,Laminate,"Staple Solids, Suede Finish",None,None,None,Carpentry
364,PCA 5103S,https://sg.lamitak.com/collections/solids/types/honey-beige,lamitak_pca_5103s_-_honey_beige_4x8_.jpg,lamitak,Laminate,"Staple Solids, Suede Finish",None,None,None,Carpentry
365,PCA 5134S,https://sg.lamitak.com/cotton,lamitak_pca_5134s_-_cotton_4x8_.jpg,lamitak,Laminate,"Staple Solids, Suede Finish",None,None,None,Carpentry
366,PCA 5107S,https://sg.lamitak.com/caviar,lamitak_pca_5107s_-_caviar_4x8_.jpg,lamitak,Laminate,"Staple Solids, Suede Finish",None,None,None,Carpentry
367,PCA 1144S,https://sg.lamitak.com/chalk,lamitak_pca_1144s_-_chalk.jpg,lamitak,Laminate,"Staple Solids, Suede Finish",None,None,None,Carpentry
368,PCA 1141S,https://sg.lamitak.com/misty-grey,lamitak_pca_1141s_-_misty_grey_4x8_.jpg,lamitak,Laminate,"Staple Solids, Suede Finish",None,None,None,Carpentry
369,PCA 5102S,https://sg.lamitak.com/frosty-white,lamitak_pca_5102s_-_frosty_white_4x8_.jpg,lamitak,Laminate,"Staple Solids, Suede Finish",None,None,None,Carpentry
370,CES 1108S,https://sg.lamitak.com/basic-black,lamitak_ces_1108s_-_basic_black.jpg,lamitak,Laminate,"Staple Solids, Suede Finish",None,None,None,Carpentry
371,CES 9502S,https://sg.lamitak.com/silver-gray,lamitak_ces_9502s_-_silver_gray_4x8_.jpg,lamitak,Laminate,"Staple Solids, Suede Finish",None,None,None,Carpentry
372,DXP 1389BS,https://sg.lamitak.com/smoke-cloudy-cement,lamitak_-_smoke_cloudy_cement_dxp_1389bs_thumbnail.jpg,lamitak,Laminate,", Brushstrokes Finish",23,44,None,Carpentry
373,DXP 1388BS,https://sg.lamitak.com/pebble-cloudy-cement,lamitak_-_pebble_cloudy_cement_dxp_1388bs_thumbnail.jpg,lamitak,Laminate,", Brushstrokes Finish",23,44,None,Carpentry
374,DXP 1387BS,https://sg.lamitak.com/mood-cloudy-cement,lamitak_-_mood_cloudy_cement_dxp_1387bs_thumbnail.jpg,lamitak,Laminate,", Brushstrokes Finish",23,44,None,Carpentry
375,DXP 1386BS,https://sg.lamitak.com/salt-cloudy-cement,lamitak_-_salt_cloudy_cement_dxp_1386bs_thumbnail.jpg,lamitak,Laminate,", Brushstrokes Finish",23,44,None,Carpentry
376,DXP 1393MD,https://sg.lamitak.com/smoke-microcement,lamitak_-_smoke_microcement_dxp_1393md_thumbnail.jpg,lamitak,Laminate,", Microdots Finish",23,44,None,Carpentry
377,DXP 1392MD,https://sg.lamitak.com/pebble-microcement,lamitak_-_pebble_microcement_dxp_1392md_thumbnail.jpg,lamitak,Laminate,", Microdots Finish",23,44,None,Carpentry
378,DXP 1391MD,https://sg.lamitak.com/mood-microcement,lamitak_-_mood_microcement_dxp_1391md_thumbnail.jpg,lamitak,Laminate,", Microdots Finish",23,44,None,Carpentry
379,DXP 1390MD,https://sg.lamitak.com/salt-microcement,lamitak_-_salt_microcement_dxp_1390md_thumbnail.jpg,lamitak,Laminate,", Microdots Finish",23,44,None,Carpentry
380,DXP 1378K,https://sg.lamitak.com/grey-escher-litho,lamitak_-_grey_escher_litho_dxp_1378k_thumbnail.jpg,lamitak,Laminate,", Granite Finish",23,44,None,Carpentry
381,DXP 1377K,https://sg.lamitak.com/grey-escher,lamitak_-_grey_escher_dxp_1377k_thumbnail.jpg,lamitak,Laminate,", Granite Finish",23,44,None,Carpentry
382,DXP 1376K,https://sg.lamitak.com/beige-escher-litho,lamitak_-_beige_escher_litho_dxp_1376k_thumbnail.jpg,lamitak,Laminate,", Granite Finish",23,44,None,Carpentry
383,DXP 1375K,https://sg.lamitak.com/beige-escher,lamitak_-_beige_escher_dxp_1375k_thumbnail.jpg,lamitak,Laminate,", Granite Finish",23,44,None,Carpentry
384,DXP 1371K,https://sg.lamitak.com/gustave-beton,dxp_1371k_gustave_be_ton_4x8_base_thumbnail.jpg,lamitak,Laminate,", Textured Finish",23,44,None,Carpentry
385,DXP 1369K,https://sg.lamitak.com/claude-beton,dxp_1369k_claude_be_ton_4x8_base_thumbnail.jpg,lamitak,Laminate,", Textured Finish",23,44,None,Carpentry
386,DXP 1370K,https://sg.lamitak.com/auguste-beton,dxp_1370k_auguste_be_ton_4x8_base_thumbnail.jpg,lamitak,Laminate,", Textured Finish",23,44,None,Carpentry
387,DXP 1384K,https://sg.lamitak.com/scarpa-beton,lamitak_-_scarpa_beton_dxp_1384k_thumbnail.jpg,lamitak,Laminate,", Textured Finish",23,44,None,Carpentry
388,DXP 5358XM,https://sg.lamitak.com/dark-pompeo,lamitak_-_dark_pompeo_dxp_5358xm_thumbnail.jpg,lamitak,Laminate,", Supermatt Finish",None,None,None,Carpentry
389,DXP 5357XM,https://sg.lamitak.com/light-pompeo,lamitak_-_light_pompeo_dxp_5357xm_thumbnail.jpg,lamitak,Laminate,", Supermatt Finish",None,None,None,Carpentry
390,DXP 1382XM,https://sg.lamitak.com/raven-genesis,lamitak_-_raven_genesis_dxp_1382xm_thumbnail.jpg,lamitak,Laminate,", Supermatt Finish",23,44,None,Carpentry
391,DXP 1381XM,https://sg.lamitak.com/smoke-genesis,lamitak_-_smoke_genesis_dxp_1381xm_thumbnail.jpg,lamitak,Laminate,", Supermatt Finish",23,44,None,Carpentry
392,DXP 1380XM,https://sg.lamitak.com/oyster-genesis,lamitak_-_oyster_genesis_dxp_1380xm_thumbnail.jpg,lamitak,Laminate,", Supermatt Finish",23,44,None,Carpentry
393,DXP 1379XM,https://sg.lamitak.com/feather-genesis,lamitak_-_feather_genesis_dxp_1379xm_thumbnail.jpg,lamitak,Laminate,", Supermatt Finish",23,44,None,Carpentry
394,DXP 1363K,https://sg.lamitak.com/enzo-ercolano,dxp_1363k_enzo_ercolano_4x8_base_thumbnail.jpg,lamitak,Laminate,", Textured Finish",None,None,None,Carpentry
395,DXP 1361K,https://sg.lamitak.com/tito-ercolano,dxp_1361k_tito_ercolano_4x8_base_thumbnail.jpg,lamitak,Laminate,", Textured Finish",None,None,None,Carpentry
396,DXP 1360K,https://sg.lamitak.com/lucio-ercolano,dxp_1360k_lucio_ercolano_4x8_base_thumbnail.jpg,lamitak,Laminate,", Textured Finish",None,None,None,Carpentry
397,DXP 1362K,https://sg.lamitak.com/fabio-ercolano,dxp_1362k_fabio_ercolano_4x8_base_thumbnail.jpg,lamitak,Laminate,", Textured Finish",None,None,None,Carpentry
398,DXN 5310X,https://sg.lamitak.com/lava-slate,dxn_5310x_lava_slate_4x8_base_thumbnail.jpg,lamitak,Laminate,", Textured Finish",None,None,None,Carpentry
399,DXN 5308X,https://sg.lamitak.com/urban-slate,dxn_5308x_urban_slate_4x8_base_thumbnail.jpg,lamitak,Laminate,", Textured Finish",None,None,None,Carpentry
400,DXN 5322X,https://sg.lamitak.com/georgian-slate,dxn_5322x_georgian_slate_4x8_base_thumbnail.jpg,lamitak,Laminate,", Textured Finish",None,None,None,Carpentry
401,DXN 5309X,https://sg.lamitak.com/tortilla-slate,dxn_5309x_tortilla_slate_4x8_base_thumbnail.jpg,lamitak,Laminate,", Textured Finish",None,None,None,Carpentry
402,DXP 1332C,https://sg.lamitak.com/goyo-ramblas,dxp_1332c_goyo_ramblas_4x8_base_thumbnail.jpg,lamitak,Laminate,", Textured Finish",None,None,None,Carpentry
403,DXP 1329C,https://sg.lamitak.com/dario-ramblas,dxp_1329c_dario_ramblas_4x8_thumbnail.jpg,lamitak,Laminate,", Textured Finish",None,None,None,Carpentry
404,DXP 1330C,https://sg.lamitak.com/fito-ramblas,dxp_1330c_fito_ramblas_4x8_base_thumbnail.jpg,lamitak,Laminate,", Textured Finish",None,None,None,Carpentry
405,DXP 1331C,https://sg.lamitak.com/lalo-ramblas,dxp_1331c_lalo_ramblas_4x8_base_thumbnail.jpg,lamitak,Laminate,", Textured Finish",None,None,None,Carpentry
406,DXP 1373XM,https://sg.lamitak.com/catalog/product/view/id/14216/s/pietra-angelo/category/318/,dxp_1373xm_pietra_angelo_4x8_thumbnail.jpg,lamitak,Laminate,", Supermatt Finish",None,None,None,Carpentry
407,DXP 1374XM,https://sg.lamitak.com/catalog/product/view/id/14214/s/pietra-alfio/category/318/,dxp_1374xm_pietra_alfio_4x8_thumbnail.jpg,lamitak,Laminate,", Supermatt Finish",None,None,None,Carpentry
408,DXP 1383XM,https://sg.lamitak.com/lissoni-travertine,lamitak_-_lissoni_travertine_dxp_1383xm_thumbnail.jpg,lamitak,Laminate,", Supermatt Finish",23,44,None,Carpentry
409,DXN 5325X,https://sg.lamitak.com/blake-ramshackle,dxn_5325x_blake_ramshackle_4x8_base_thumbnail1.jpg,lamitak,Laminate,", Textured Finish",None,None,None,Carpentry
410,DXN 5336X,https://sg.lamitak.com/koko-ramshackle,dxn_5336x_koko_ramshackle_4x8_base_thumbnail1.jpg,lamitak,Laminate,", Textured Finish",None,None,None,Carpentry
411,DXN 5335X,https://sg.lamitak.com/rima-ramshackle,dxn_5335x_rima_ramshackle_4x8_base_thumbnail1.jpg,lamitak,Laminate,", Textured Finish",None,None,None,Carpentry
412,DXP 1335K,https://sg.lamitak.com/rito-marmo-flavio,dxp_1335k_rito_marmo_flavio_4x8_base_thumbnail.jpg,lamitak,Laminate,", Textured Finish",None,None,None,Carpentry
413,DXP 1334K,https://sg.lamitak.com/luca-marmo-flavio,dxp_1334k_luca_marmo_flavio_4x8_base_thumbnail.jpg,lamitak,Laminate,", Textured Finish",None,None,None,Carpentry
414,DXP 1336K,https://sg.lamitak.com/vito-marmo-flavio,dxp_1336k_vito_marmo_flavio_4x8_base_thumbnail.jpg,lamitak,Laminate,", Textured Finish",None,None,None,Carpentry
415,DXP 1358G,https://sg.lamitak.com/marmo-classico-gloss,dxp_1358g_marmo_classico_gloss_4x8_base_thumbnail.jpg,lamitak,Laminate,", High Glossie Finish",None,None,None,Carpentry
416,DXP 1358XM,https://sg.lamitak.com/marmo-classico,dxp_1358xm_marmo_classico_4x8_base_thumbnail.jpg,lamitak,Laminate,", Supermatt Finish",None,None,None,Carpentry
417,DXO 4316G,https://sg.lamitak.com/bianco-marble-uassiq,dxo_4316g_bianco_marble_uassiq_4x8_base_thumbnail.jpg,lamitak,Laminate,", High Glossie Finish",None,None,None,Carpentry
418,DXP 5342XM,https://sg.lamitak.com/catalog/product/view/id/14212/s/blu-marmo-adriano/category/318/,dxp_5342xm_blu_marmo_adriano_4x8_thumbnail.jpg,lamitak,Laminate,", Supermatt Finish",23,44,None,Carpentry
419,DXP 5343XM,https://sg.lamitak.com/catalog/product/view/id/14210/s/nero-marmo-adriano/category/318/,dxp_5343xm_nero_marmo_adriano_4x8_base_thumbnail.jpg,lamitak,Laminate,", Supermatt Finish",23,44,None,Carpentry
420,DXP 1372XM,https://sg.lamitak.com/catalog/product/view/id/14208/s/bianco-marmo-adriano/category/318/,dxp_1372xm_bianco_marmo_adriano_4x8_base_thumbnail.jpg,lamitak,Laminate,", Supermatt Finish",23,44,None,Carpentry
421,DXP 4321G,https://sg.lamitak.com/alda-florentina-marble,dxp_4321g_alda_florentina_marble_4x8_base_thumbnail.jpg,lamitak,Laminate,", Gloss Finish",None,None,None,Carpentry
422,DXP 4319G,https://sg.lamitak.com/vera-florentina-marble,dxp_4319g_vera_florentina_marble_4x8_base_thumbnail.jpg,lamitak,Laminate,", Gloss Finish",None,None,None,Carpentry
423,DXP 4318G,https://sg.lamitak.com/lina-florentina-marble,dxp_4318g_lina_florentina_marble_4x8_base_thumbnail.jpg,lamitak,Laminate,", Gloss Finish",None,None,None,Carpentry
424,DXP 4320G,https://sg.lamitak.com/fico-florentina-marble,dxp_4320g_fico_florentina_marble_4x8_base_thumbnail.jpg,lamitak,Laminate,", Gloss Finish",None,None,None,Carpentry
425,DXP 1355G,https://sg.lamitak.com/ciara-marmol-suprema-gloss,dxp_1355g_ciara_marmol_suprema_gloss_4x8_base_thumbnail.jpg,lamitak,Laminate,", High Glossie Finish",None,None,None,Carpentry
426,DXP 1354XM,https://sg.lamitak.com/fiona-marmol-suprema,dxp_1354xm_fiona_marmol_suprema_4x8_base_thumbnail.jpg,lamitak,Laminate,", Supermatt Finish",None,None,None,Carpentry
427,DXP 1354G,https://sg.lamitak.com/fiona-marmol-suprema-gloss,dxp_1354g_fiona_marmol_suprema_gloss_4x8_base_thumbnail.jpg,lamitak,Laminate,", Gloss Finish",None,None,None,Carpentry
428,DXP 1355XM,https://sg.lamitak.com/ciara-marmol-suprema,dxp_1355xm_ciara_marmol_suprema_4x8_base_thumbnail.jpg,lamitak,Laminate,", Supermatt Finish",None,None,None,Carpentry
429,DXO 4315X,https://sg.lamitak.com/mystiq-aragon,dxo_4315x_mystiq_aragon_4x8_base_thumbnail.jpg,lamitak,Laminate,", Textured Finish",None,None,None,Carpentry
430,DXO 4324X,https://sg.lamitak.com/mystiq-elrond,dxo_4324x_mystiq_elrond_4x8_base_thumbnail.jpg,lamitak,Laminate,", Textured Finish",None,None,None,Carpentry
431,DXO 4314X,https://sg.lamitak.com/mystiq-arwen,dxo_4314x_mystiq_arwen_4x8_base_thumbnail_1.jpg,lamitak,Laminate,", Textured Finish",None,None,None,Carpentry
432,DXP  1366K,https://sg.lamitak.com/inspirations/industrial/mateo-l-ametlla,dxp_1366k_mateo_l_ametlla_4x8_thumbnail.jpg,lamitak,Laminate,", Textured Finish",None,None,None,Carpentry
433,DXP  1368K,https://sg.lamitak.com/inspirations/industrial/santino-l-ametlla,dxp_1368k_santino_l_ametlla_4x8_thumbnail.jpg,lamitak,Laminate,", Textured Finish",None,None,None,Carpentry
434,DXN 4330M,https://sg.lamitak.com/caden-tobias-steel,dxn_4330m_caden_tobias_steel_4x8_base_thumbnail.jpg,lamitak,Laminate,", Matt Finish",None,None,None,Carpentry
435,DXN 4328M,https://sg.lamitak.com/austin-tobias-steel,dxn_4328m_austin_tobias_steel_4x8_base_thumbnail.jpg,lamitak,Laminate,", Matt Finish",None,None,None,Carpentry
436,DXN 4329M,https://sg.lamitak.com/bryson-tobias-steel,lamitak_dxn_4329m_bryson_tobias_steel_4x8_thumbnail.jpg,lamitak,Laminate,", Matt Finish",None,None,None,Carpentry
437,DXP 5345XM,https://sg.lamitak.com/catalog/product/view/id/14222/s/cato-steel/category/318/,dxp_5345xm_cato_steel_thumbnail_1.jpg,lamitak,Laminate,", Supermatt Finish",None,None,None,Carpentry
438,DXP 5344XM,https://sg.lamitak.com/catalog/product/view/id/14220/s/cassius-steel/category/318/,dxp_5344xm_cassius_steel_4x8_base_thumbnail.jpg,lamitak,Laminate,", Supermatt Finish",None,None,None,Carpentry
439,DXP 5346XM,https://sg.lamitak.com/catalog/product/view/id/14218/s/cyprian-steel/category/318/,dxp_5346xm_cyprian_steel_thumbnail_1.jpg,lamitak,Laminate,", Supermatt Finish",None,None,None,Carpentry
440,DXP 5359XM,https://sg.lamitak.com/caldo-steel,lamitak_-_caldo_steel_dxp_5359xm_thumbnail.jpg,lamitak,Laminate,", Supermatt Finish",None,None,None,Carpentry
441,DXO 5340D,https://sg.lamitak.com/stoffa-nero,dxo_5340d_stoffa_nero_thumbnail.jpg,lamitak,Laminate,", Dri-matt® Finish",23,44,None,Carpentry
442,DXO 5339D,https://sg.lamitak.com/stoffa-moca,dxo_5339d_stoffa_moca_thumbnail_1.jpg,lamitak,Laminate,", Dri-matt® Finish",23,44,None,Carpentry
443,DXO 5337D,https://sg.lamitak.com/stoffa-crema,dxo_5337d_stoffa_crema_thumbnail.jpg,lamitak,Laminate,", Dri-matt® Finish",23,44,None,Carpentry
444,DXO 5338D,https://sg.lamitak.com/stoffa-grigio,dxo_5338d_stoffa_grigio_thumbnail.jpg,lamitak,Laminate,", Dri-matt® Finish",23,44,None,Carpentry
445,DXO 4323X,https://sg.lamitak.com/sullivan-faux-denim,dxo_4323x_sullivan_faux_denim_thumbnail.jpg,lamitak,Laminate,", Textured Finish",None,None,None,Carpentry
446,DXO 4322X,https://sg.lamitak.com/gillian-faux-denim,dxo_4322x_gillian_faux_denim_thumbnail.jpg,lamitak,Laminate,", Textured Finish",None,None,None,Carpentry
447,DXO 4310X,https://sg.lamitak.com/catalog/product/view/id/13581/s/faux-denim/category/318/,dxo_4310x_faux_denim_thumbnail.jpg,lamitak,Laminate,", Textured Finish",None,None,None,Carpentry
448,DXO 4325X,https://sg.lamitak.com/rowan-faux-denim,dxo_4325x_rowan_faux_denim_thumbnail.jpg,lamitak,Laminate,", Textured Finish",None,None,None,Carpentry
449,DXO 1349DC,https://sg.lamitak.com/koto-kuroki,dxo_1349dc_koto_kuroki_thumbnail.jpg,lamitak,Laminate,", Dri-matt® Finish",None,None,None,Carpentry
450,DXO 1351DC,https://sg.lamitak.com/kenji-kuroki,dxo_1351dc_kenji_kuroki_thumbnail.jpg,lamitak,Laminate,", Dri-matt® Finish",None,None,None,Carpentry
451,DXO 1350DC,https://sg.lamitak.com/kobe-kuroki,dxo_1350dc_kobe_kuroki_thumbnail.jpg,lamitak,Laminate,", Dri-matt® Finish",None,None,None,Carpentry
452,DXO 1385DC,https://sg.lamitak.com/kiri-kuroki,lamitak_-_kiri_kuroki_dxo_1385dc_thumbnail.jpg,lamitak,Laminate,", Dri-matt® Finish",None,None,None,Carpentry
453,DXO 1344DC,https://sg.lamitak.com/drayden-pashley,dxo_1344dc_drayden_pashley_thumbnail.jpg,lamitak,Laminate,", Dri-matt® Finish",None,None,None,Carpentry
454,DXO 1343DC,https://sg.lamitak.com/connor-pashley,dxo_1343dc_connor_pashley_thumbnail_1.jpg,lamitak,Laminate,", Dri-matt® Finish",None,None,None,Carpentry
455,DXO 1341DC,https://sg.lamitak.com/aiden-pashley,dxo_1341dc_aiden_pashley_thumbnail.jpg,lamitak,Laminate,", Dri-matt® Finish",None,None,None,Carpentry
456,DXO 1342DC,https://sg.lamitak.com/brandon-pashley,dxo_1342dc_brandon_pashley_thumbnail_1.jpg,lamitak,Laminate,", Dri-matt® Finish",None,None,None,Carpentry
457,DXO 5355D,https://sg.lamitak.com/camden-feltro,dxo_5355d_camden_feltro_4x8_base_thumbnail.jpg,lamitak,Laminate,", Dri-matt® Finish",None,None,None,Carpentry
458,DXO 5353D,https://sg.lamitak.com/hayden-feltro,dxo_5353d_hayden_feltro_4x8_base_thumbnail.jpg,lamitak,Laminate,", Dri-matt® Finish",None,None,None,Carpentry
459,DXO 5354D,https://sg.lamitak.com/erden-feltro,dxo_5354d_erden_feltro_4x8_base_thumbnail.jpg,lamitak,Laminate,", Dri-matt® Finish",None,None,None,Carpentry
460,DXO 5356D,https://sg.lamitak.com/altan-feltro,dxo_5356d_altan_feltro_4x8_base_thumbnail.jpg,lamitak,Laminate,", Dri-matt® Finish",None,None,None,Carpentry
461,DXO 1353D,https://sg.lamitak.com/catalog/product/view/id/14073/s/nero-caraceni/category/318/,dxo_1353d_nero_caraceni_thumbnail.jpg,lamitak,Laminate,", Dri-matt® Finish",None,None,None,Carpentry
462,DXO 1352D,https://sg.lamitak.com/catalog/product/view/id/14066/s/grigio-caraceni/category/318/,dxo_1352d_grigio_caraceni_thumbnail.jpg,lamitak,Laminate,", Dri-matt® Finish",None,None,None,Carpentry
463,DXO 1338D,https://sg.lamitak.com/bruno-caraceni,dxo_1338d_bruno_caraceni_thumbnail.jpg,lamitak,Laminate,", Dri-matt® Finish",None,None,None,Carpentry
464,DXO 1337D,https://sg.lamitak.com/bianco-caraceni,dxo_1337d_bianco_caraceni_thumbnail.jpg,lamitak,Laminate,", Dri-matt® Finish",None,None,None,Carpentry
465,ARTE 1020 DC,https://sg.lamitak.com/savile-clifford,lamitak_savile_clifford_arte_1020_dc_2.jpg,lamitak,Laminate,", Dri-matt® Finish",None,None,None,Carpentry
466,ARTE 1018 D,https://sg.lamitak.com/savile-regent,lamitak_savile_regent_arte_1018_d_1.jpg,lamitak,Laminate,", Dri-matt® Finish",None,None,None,Carpentry
467,ARTE 1021 DC,https://sg.lamitak.com/savile-maddox,lamitak_savile_maddox_arte_1021_dc.jpg,lamitak,Laminate,", Dri-matt® Finish",None,None,None,Carpentry
468,ARTE 1019 D,https://sg.lamitak.com/savile-george,lamitak_savile_george_arte_1019_d.jpg,lamitak,Laminate,", Dri-matt® Finish",None,None,None,Carpentry
469,ARTE 1023 DC,https://sg.lamitak.com/savile-vigo,lamitak_savile_vigo_arte_1023_dc_1.jpg,lamitak,Laminate,", Dri-matt® Finish",None,None,None,Carpentry
470,ARTE 1022 DC,https://sg.lamitak.com/savile-conduit,lamitak_savile_conduit_arte_1022_dc.jpg,lamitak,Laminate,", Dri-matt® Finish",None,None,None,Carpentry
471,DXO 5321B,https://sg.lamitak.com/expresso-luxe,dxo_5321b_expresso_luxe_4x8_base_thumbnail.jpg,lamitak,Laminate,", Textured Finish",None,None,None,Carpentry
472,DXO 5320B,https://sg.lamitak.com/cocoa-luxe,dxo_5320b_cocoa_luxe_4x8_base_thumbnail.jpg,lamitak,Laminate,", Textured Finish",None,None,None,Carpentry
473,DXO 5318B,https://sg.lamitak.com/creme-luxe,dxo_5318b_creme_luxe_4x8_base_thumbnail.jpg,lamitak,Laminate,", Textured Finish",None,None,None,Carpentry
474,DXN 5102B,https://sg.lamitak.com/ivory-luxe,dxn_5102b_ivory_luxe_4x8_base_thumbnail.jpg,lamitak,Laminate,", Textured Finish",None,None,None,Carpentry
475,DXO 5319B,https://sg.lamitak.com/godiva-luxe,dxo_5319b_godiva_luxe_4x8_base_thumbnail.jpg,lamitak,Laminate,", Textured Finish",None,None,None,Carpentry
476,DXO 1108B,https://sg.lamitak.com/nappa-noir,dxo_1108b_nappa_noir_thumbnail.jpg,lamitak,Laminate,", Textured Finish",None,None,None,Carpentry
477,DXO 1113B,https://sg.lamitak.com/nappa-chocolatier,dxo_1113b_nappa_chocolatier_thumbnail_1.jpg,lamitak,Laminate,", Textured Finish",None,None,None,Carpentry
478,DXO 1109B,https://sg.lamitak.com/nappa-lofty,dxo_1109b_nappa_lofty_thumbnail.jpg,lamitak,Laminate,", Textured Finish",None,None,None,Carpentry
479,DXO 1144B,https://sg.lamitak.com/nappa-blanco,dxo_1144b_nappa_blanco_thumbnail.jpg,lamitak,Laminate,", Textured Finish",None,None,None,Carpentry
480,DXO 1141B,https://sg.lamitak.com/nappa-misty-grey,dxo_1141b_nappa_misty_grey_thumbnail.jpg,lamitak,Laminate,", Textured Finish",None,None,None,Carpentry
481,MEP 1404XM,https://sg.lamitak.com/ivory-metallic-supermatt,lamitak_-_ivory_metallic_mep_1404xm_thumbnail.jpg,lamitak,Laminate,", Supermatt Finish",None,None,None,Carpentry
482,MEP 1403XM,https://sg.lamitak.com/tafetta-metallic-supermatt,lamitak_-_tafetta_metallic_mep_1403xm_thumbnail.jpg,lamitak,Laminate,", Supermatt Finish",None,None,None,Carpentry
483,MEP 1407XM,https://sg.lamitak.com/greige-metallic,lamitak_-_greige_metallic_mep_1407xm_thumbnail.jpg,lamitak,Laminate,", Supermatt Finish",None,None,None,Carpentry
484,MEP 1406XM,https://sg.lamitak.com/grey-metallic,lamitak_-_grey_metallic_mep_1406xm_thumbnail.jpg,lamitak,Laminate,", Supermatt Finish",None,None,None,Carpentry
485,MTA 1108XL,https://sg.lamitak.com/catalog/product/view/id/14088/s/brushed-black/category/318/,mta_1108xl_brushed_black_4x8_base_thumbnail.jpg,lamitak,Laminate,", Textured Finish",None,None,None,Carpentry
486,MTA 1402XL,https://sg.lamitak.com/catalog/product/view/id/14085/s/brushed-mercury/category/318/,mta_1402xl_brushed_mercury_4x8_base_thumbnail.jpg,lamitak,Laminate,", Textured Finish",None,None,None,Carpentry
487,MTA 1153XL,https://sg.lamitak.com/catalog/product/view/id/14082/s/brushed-white/category/318/,mta_1153xl_brushed_white_4x8_base_thumbnail.jpg,lamitak,Laminate,", Textured Finish",None,None,None,Carpentry
488,MTA 9310XL,https://sg.lamitak.com/catalog/product/view/id/14079/s/brushed-alumina/category/318/,mta_9310xl_brushed_alumina_4x8_base_thumbnail.jpg,lamitak,Laminate,", Textured Finish",None,None,None,Carpentry
489,ATS 1113 M,https://sg.lamitak.com/chocolatier-pro,lamitak_chocolatier_pro_ats_1113_m_7.jpg,lamitak,Laminate,"Matt, Matt Finish",None,None,None,Carpentry
490,ATS 1108 M,https://sg.lamitak.com/basic-black-pro,lamitak_basic_black_pro__ats_1108_m_3_1.jpg,lamitak,Laminate,"Matt, Matt Finish",None,None,None,Carpentry
491,ATS 1124 M,https://sg.lamitak.com/nautical-pro,lamitak_nautical_pro_ats_1124_m.jpg,lamitak,Laminate,"Matt, Matt Finish",None,None,None,Carpentry
492,ATS 1172 M,https://sg.lamitak.com/espalier-pro,lamitak_espalier_pro_ats_1172_m_1.jpg,lamitak,Laminate,"Matt, Matt Finish",None,None,None,Carpentry
493,ATS 1163 M,https://sg.lamitak.com/brunswick-pro,lamitak_brunswick_pro_ats_1163_m_10.jpg,lamitak,Laminate,"Matt, Matt Finish",None,None,None,Carpentry
494,ATS 1135 M,https://sg.lamitak.com/wintry-grey-pro,lamitak_wintry_grey_pro_ats_1135_m_3.jpg,lamitak,Laminate,"Matt, Matt Finish",None,None,None,Carpentry
495,ATS 1165 M,https://sg.lamitak.com/truffle-pro,lamitak_truffle_pro_ats_1165_m_1.jpg,lamitak,Laminate,"Matt, Matt Finish",None,None,None,Carpentry
496,ATS 1150 M,https://sg.lamitak.com/taupe-pro,lamitak_taupe_pro_ats_1150_m_2.jpg,lamitak,Laminate,"Matt, Matt Finish",None,None,None,Carpentry
497,ATS 1132 M,https://sg.lamitak.com/nude-pro,lamitak_nude_pro_ats_1132_m_2.jpg,lamitak,Laminate,"Matt, Matt Finish",None,None,None,Carpentry
498,ATS 1149 M,https://sg.lamitak.com/iron-pro,lamitak_iron_pro_ats_1149_m.jpg,lamitak,Laminate,"Matt, Matt Finish",None,None,None,Carpentry
499,CCX 47201G,https://sg.lamitak.com/ivory-maple-wood-gloss,lamitak_ccx_47201g_ivory_maple_wood_gloss_4x8_thumbnail.jpg,lamitak,Laminate,", High Glossie Finish, Straight Grains",None,None,None,Carpentry
500,CCX 47202G,https://sg.lamitak.com/ginko-maple-wood-gloss,lamitak_ccx_47202g_ginko_maple_wood_gloss_4x8_thumbnail.jpg,lamitak,Laminate,"Maple, High Glossie Finish, Straight Grains",None,None,None,Carpentry
501,CCX 47202X,https://sg.lamitak.com/ginko-maple-wood,lamitak_ccx_47202x_ginko_maple_wood_4x8_thumbnail.jpg,lamitak,Laminate,"Maple, Textured Finish, Straight Grains",None,None,None,Carpentry
502,CC 47101G,https://sg.lamitak.com/catalog/product/view/id/13760/s/nude-core-glossie/category/312/,cc_47101g_nude_core_glossie_4x8_base_thumbnail.jpg,lamitak,Laminate,", High Glossie Finish",None,None,None,Carpentry
503,CCP 1371K,https://sg.lamitak.com/gustave-beton-lgr-core,lamitak_gustave_beton_lgr_core_ccp_1371k_2.jpg,lamitak,Laminate,", Textured Finish",None,None,None,Carpentry
504,CCP 1360K,https://sg.lamitak.com/lucio-ercolano-wht-core,lamitak_lucio_ercolano_wht_core_ccp_1360k.jpg,lamitak,Laminate,", Textured Finish",None,None,None,Carpentry
505,CCX  47201X,https://sg.lamitak.com/ivory-maple-wood,lamitak_ccx_47201x_ivory_maple_wood_4x8_thumbnail_1.jpg,lamitak,Laminate,", Textured Finish, Straight Grains",None,None,None,Carpentry
506,CCM 47401G,https://sg.lamitak.com/nude-core-shimmer,ccm_47401g_nude_core_shimmer_4x8_base_thumbnail_1.jpg,lamitak,Laminate,", High Glossie Finish",None,None,None,Carpentry
507,CC 47101B,https://sg.lamitak.com/nude-core-leather,cc_47101b_nude_core_leather_4x8_base_thumbnail_1.jpg,lamitak,Laminate,", Textured Finish",None,None,None,Carpentry
508,CC 47101S,https://sg.lamitak.com/nude-core,cc_47101s_nude_core_4x8_base_thumbnail_1.jpg,lamitak,Laminate,", Suede Finish",None,None,None,Carpentry
509,ART 11011 D,https://sg.lamitak.com/montignoso-due,art_11011d_montignoso_due_4x10_base_thumbnail_1.jpg,lamitak,Laminate,", Dri-matt® Finish",None,None,None,Carpentry
510,ART 11012 D,https://sg.lamitak.com/montignoso-uno,art_11012d_montignoso_uno_4x10_base_thumbnail_1.jpg,lamitak,Laminate,", Dri-matt® Finish",None,None,None,Carpentry
511,ART 1010 XM,https://sg.lamitak.com/lunigiana-due,art_1010xm_lunigiana_due_4x8_base_thumbnail_1.jpg,lamitak,Laminate,", Supermatt Finish",None,None,None,Carpentry
512,ART 1009 XM,https://sg.lamitak.com/catalog/product/view/id/14309/s/lunigiana-uno/category/312/,art_1009xm_lunigiana_uno_4x8_base_thumbnail.jpg,lamitak,Laminate,", Supermatt Finish",None,None,None,Carpentry
